2026/05/25 19:57:51 [INFO] Packer version: 1.15.3 [go1.25.9 linux amd64]
2026/05/25 19:57:51 [INFO] PACKER_CONFIG env var not set; checking the default config file path
2026/05/25 19:57:51 [INFO] PACKER_CONFIG env var set; attempting to open config file: /home/cqban/.packerconfig
2026/05/25 19:57:51 [WARN] Config file doesn't exist: /home/cqban/.packerconfig
2026/05/25 19:57:51 [INFO] Setting cache directory: /home/cqban/.cache/packer
2026/05/25 19:57:51 [TRACE] listing potential installations for "github.com/hashicorp/proxmox" that match ">= 1.1.8". plugingetter.ListInstallationsOptions{PluginDirectory:"/home/cqban/.config/packer/plugins", BinaryInstallationOptions:plugingetter.BinaryInstallationOptions{APIVersionMajor:"5", APIVersionMinor:"0", OS:"linux", ARCH:"amd64", Ext:"", Checksummers:[]plugingetter.Checksummer{plugingetter.Checksummer{Type:"sha256", Hash:(*sha256.Digest)(0xc000090080)}}, ReleasesOnly:false}}
2026/05/25 19:57:51 [TRACE] Found the following "github.com/hashicorp/proxmox" installations: [{/home/cqban/.config/packer/plugins/github.com/hashicorp/proxmox/packer-plugin-proxmox_v1.2.3_x5.0_linux_amd64 v1.2.3 x5.0}]
2026/05/25 19:57:51 [INFO] found external [-packer-default-plugin-name- clone iso] builders from proxmox plugin
2026/05/25 19:57:51 [TRACE] listing potential installations for <nil> that match "". plugingetter.ListInstallationsOptions{PluginDirectory:"/home/cqban/.config/packer/plugins", BinaryInstallationOptions:plugingetter.BinaryInstallationOptions{APIVersionMajor:"5", APIVersionMinor:"0", OS:"linux", ARCH:"amd64", Ext:"", Checksummers:[]plugingetter.Checksummer{plugingetter.Checksummer{Type:"sha256", Hash:(*sha256.Digest)(0xc000a86d80)}}, ReleasesOnly:false}}
2026/05/25 19:57:51 [INFO] found external [-packer-default-plugin-name- clone iso] builders from proxmox plugin
2026/05/25 19:57:51 [TRACE] validateValue: not active for winrm_username, so skipping
2026/05/25 19:57:51 [TRACE] validateValue: not active for proxmox_username, so skipping
2026/05/25 19:57:51 [TRACE] validateValue: not active for iso_file, so skipping
2026/05/25 19:57:51 [TRACE] validateValue: not active for winrm_password, so skipping
2026/05/25 19:57:51 [TRACE] validateValue: not active for vm_gateway, so skipping
2026/05/25 19:57:51 [TRACE] validateValue: not active for vm_id, so skipping
2026/05/25 19:57:51 [TRACE] validateValue: not active for timezone, so skipping
2026/05/25 19:57:51 [TRACE] validateValue: not active for template_uuid, so skipping
2026/05/25 19:57:51 [TRACE] validateValue: not active for proxmox_node, so skipping
2026/05/25 19:57:51 [TRACE] validateValue: not active for vm_cpu_cores, so skipping
2026/05/25 19:57:51 [TRACE] validateValue: not active for vm_memory, so skipping
2026/05/25 19:57:51 [TRACE] validateValue: not active for vm_network_prefix, so skipping
2026/05/25 19:57:51 [TRACE] validateValue: not active for computer_name, so skipping
2026/05/25 19:57:51 [TRACE] validateValue: not active for iso_storage_pool, so skipping
2026/05/25 19:57:51 [TRACE] validateValue: not active for vm_name, so skipping
2026/05/25 19:57:51 [TRACE] validateValue: not active for vm_cpu_sockets, so skipping
2026/05/25 19:57:51 [TRACE] validateValue: not active for vm_disk_size, so skipping
2026/05/25 19:57:51 [TRACE] validateValue: not active for network_vlan_id, so skipping
2026/05/25 19:57:51 [TRACE] validateValue: not active for adaptive_endpoint, so skipping
2026/05/25 19:57:51 [TRACE] validateValue: not active for proxmox_skip_tls_verify, so skipping
2026/05/25 19:57:51 [TRACE] validateValue: not active for proxmox_storage, so skipping
2026/05/25 19:57:51 [TRACE] validateValue: not active for iso_already_downloaded, so skipping
2026/05/25 19:57:51 [TRACE] validateValue: not active for template_description, so skipping
2026/05/25 19:57:51 [TRACE] validateValue: not active for vm_ip, so skipping
2026/05/25 19:57:51 [TRACE] validateValue: not active for vm_dns, so skipping
2026/05/25 19:57:51 [TRACE] validateValue: not active for proxmox_url, so skipping
2026/05/25 19:57:51 [TRACE] validateValue: not active for proxmox_password, so skipping
2026/05/25 19:57:51 [TRACE] validateValue: not active for iso_url, so skipping
2026/05/25 19:57:51 [TRACE] validateValue: not active for os_image_index, so skipping
2026/05/25 19:57:51 [TRACE] validateValue: not active for iso_checksum, so skipping
2026/05/25 19:57:51 [TRACE] validateValue: not active for virtio_iso_file, so skipping
2026/05/25 19:57:51 [TRACE] validateValue: not active for network_bridge, so skipping
2026/05/25 19:57:51 [TRACE] Using protobuf for communication with plugins
2026/05/25 19:57:51 [INFO] Starting external plugin /home/cqban/.config/packer/plugins/github.com/hashicorp/proxmox/packer-plugin-proxmox_v1.2.3_x5.0_linux_amd64 start builder --protobuf iso
2026/05/25 19:57:51 Starting plugin: /home/cqban/.config/packer/plugins/github.com/hashicorp/proxmox/packer-plugin-proxmox_v1.2.3_x5.0_linux_amd64 []string{"/home/cqban/.config/packer/plugins/github.com/hashicorp/proxmox/packer-plugin-proxmox_v1.2.3_x5.0_linux_amd64", "start", "builder", "--protobuf", "iso"}
2026/05/25 19:57:51 Waiting for RPC address for: /home/cqban/.config/packer/plugins/github.com/hashicorp/proxmox/packer-plugin-proxmox_v1.2.3_x5.0_linux_amd64
2026/05/25 19:57:51 Received unix RPC address for /home/cqban/.config/packer/plugins/github.com/hashicorp/proxmox/packer-plugin-proxmox_v1.2.3_x5.0_linux_amd64: addr is /tmp/packer-plugin3606098557
2026/05/25 19:57:51 packer-plugin-proxmox_v1.2.3_x5.0_linux_amd64 plugin: 2026/05/25 19:57:51 Plugin address: unix /tmp/packer-plugin3606098557
2026/05/25 19:57:51 packer-plugin-proxmox_v1.2.3_x5.0_linux_amd64 plugin: 2026/05/25 19:57:51 Waiting for connection...
2026/05/25 19:57:51 packer-plugin-proxmox_v1.2.3_x5.0_linux_amd64 plugin: 2026/05/25 19:57:51 Serving a plugin connection...
2026/05/25 19:57:51 packer-plugin-proxmox_v1.2.3_x5.0_linux_amd64 plugin: 2026/05/25 19:57:51 [TRACE] starting builder iso
2026/05/25 19:57:51 packer-plugin-proxmox_v1.2.3_x5.0_linux_amd64 plugin: 2026/05/25 19:57:51 [DEBUG] - common: sending ConfigSpec as protobuf
2026/05/25 19:57:51 [DEBUG] - common: receiving ConfigSpec as protobuf
2026/05/25 19:57:51 packer-plugin-proxmox_v1.2.3_x5.0_linux_amd64 plugin: 2026/05/25 19:57:51 CPU type not set, using default 'kvm64'
2026/05/25 19:57:51 packer-plugin-proxmox_v1.2.3_x5.0_linux_amd64 plugin: 2026/05/25 19:57:51 [DEBUG] - common: sending ConfigSpec as protobuf
2026/05/25 19:57:51 [DEBUG] - common: receiving ConfigSpec as protobuf
2026/05/25 19:57:51 [INFO] Starting external plugin /usr/bin/packer execute --protobuf packer-provisioner-powershell
2026/05/25 19:57:51 Starting plugin: /usr/bin/packer []string{"/usr/bin/packer", "execute", "--protobuf", "packer-provisioner-powershell"}
2026/05/25 19:57:51 Waiting for RPC address for: /usr/bin/packer
2026/05/25 19:57:51 packer-provisioner-powershell plugin: [INFO] Packer version: 1.15.3 [go1.25.9 linux amd64]
2026/05/25 19:57:51 packer-provisioner-powershell plugin: [INFO] PACKER_CONFIG env var not set; checking the default config file path
2026/05/25 19:57:51 packer-provisioner-powershell plugin: [INFO] PACKER_CONFIG env var set; attempting to open config file: /home/cqban/.packerconfig
2026/05/25 19:57:51 packer-provisioner-powershell plugin: [WARN] Config file doesn't exist: /home/cqban/.packerconfig
2026/05/25 19:57:51 packer-provisioner-powershell plugin: [INFO] Setting cache directory: /home/cqban/.cache/packer
2026/05/25 19:57:51 packer-provisioner-powershell plugin: Plugin address: unix /tmp/packer-plugin1990201052
2026/05/25 19:57:51 Received unix RPC address for /usr/bin/packer: addr is /tmp/packer-plugin1990201052
2026/05/25 19:57:51 packer-provisioner-powershell plugin: Waiting for connection...
2026/05/25 19:57:51 packer-provisioner-powershell plugin: Serving a plugin connection...
2026/05/25 19:57:51 packer-provisioner-powershell plugin: [DEBUG] - common: sending ConfigSpec as protobuf
2026/05/25 19:57:51 [DEBUG] - common: receiving ConfigSpec as protobuf
2026/05/25 19:57:51 packer-provisioner-powershell plugin: Using script default execute command powershell -executionpolicy bypass "& { if (Test-Path variable:global:ProgressPreference){set-variable -name variable:global:ProgressPreference -value 'SilentlyContinue'};. {{.Vars}}; &'{{.Path}}'; exit $LastExitCode }"
2026/05/25 19:57:51 packer-provisioner-powershell plugin: Using script default elevated execute command powershell -executionpolicy bypass "& { if (Test-Path variable:global:ProgressPreference){set-variable -name variable:global:ProgressPreference -value 'SilentlyContinue'};. {{.Vars}}; &'{{.Path}}'; exit $LastExitCode }"
2026/05/25 19:57:51 packer-provisioner-powershell plugin: [DEBUG] - common: sending ConfigSpec as protobuf
2026/05/25 19:57:51 [DEBUG] - common: receiving ConfigSpec as protobuf
2026/05/25 19:57:51 [INFO] Starting external plugin /usr/bin/packer execute --protobuf packer-provisioner-powershell
2026/05/25 19:57:51 Starting plugin: /usr/bin/packer []string{"/usr/bin/packer", "execute", "--protobuf", "packer-provisioner-powershell"}
2026/05/25 19:57:51 Waiting for RPC address for: /usr/bin/packer
2026/05/25 19:57:51 packer-provisioner-powershell plugin: [INFO] Packer version: 1.15.3 [go1.25.9 linux amd64]
2026/05/25 19:57:51 packer-provisioner-powershell plugin: [INFO] PACKER_CONFIG env var not set; checking the default config file path
2026/05/25 19:57:51 packer-provisioner-powershell plugin: [INFO] PACKER_CONFIG env var set; attempting to open config file: /home/cqban/.packerconfig
2026/05/25 19:57:51 packer-provisioner-powershell plugin: [WARN] Config file doesn't exist: /home/cqban/.packerconfig
2026/05/25 19:57:51 packer-provisioner-powershell plugin: [INFO] Setting cache directory: /home/cqban/.cache/packer
2026/05/25 19:57:51 packer-provisioner-powershell plugin: Plugin address: unix /tmp/packer-plugin973881023
2026/05/25 19:57:51 Received unix RPC address for /usr/bin/packer: addr is /tmp/packer-plugin973881023
2026/05/25 19:57:51 packer-provisioner-powershell plugin: Waiting for connection...
2026/05/25 19:57:51 packer-provisioner-powershell plugin: Serving a plugin connection...
2026/05/25 19:57:51 packer-provisioner-powershell plugin: [DEBUG] - common: sending ConfigSpec as protobuf
2026/05/25 19:57:51 [DEBUG] - common: receiving ConfigSpec as protobuf
2026/05/25 19:57:51 packer-provisioner-powershell plugin: Using script default execute command powershell -executionpolicy bypass "& { if (Test-Path variable:global:ProgressPreference){set-variable -name variable:global:ProgressPreference -value 'SilentlyContinue'};. {{.Vars}}; &'{{.Path}}'; exit $LastExitCode }"
2026/05/25 19:57:51 packer-provisioner-powershell plugin: Using script default elevated execute command powershell -executionpolicy bypass "& { if (Test-Path variable:global:ProgressPreference){set-variable -name variable:global:ProgressPreference -value 'SilentlyContinue'};. {{.Vars}}; &'{{.Path}}'; exit $LastExitCode }"
2026/05/25 19:57:51 packer-provisioner-powershell plugin: [DEBUG] - common: sending ConfigSpec as protobuf
2026/05/25 19:57:51 [DEBUG] - common: receiving ConfigSpec as protobuf
2026/05/25 19:57:51 [INFO] Starting external plugin /usr/bin/packer execute --protobuf packer-provisioner-file
2026/05/25 19:57:51 Starting plugin: /usr/bin/packer []string{"/usr/bin/packer", "execute", "--protobuf", "packer-provisioner-file"}
2026/05/25 19:57:51 Waiting for RPC address for: /usr/bin/packer
2026/05/25 19:57:51 packer-provisioner-file plugin: [INFO] Packer version: 1.15.3 [go1.25.9 linux amd64]
2026/05/25 19:57:51 packer-provisioner-file plugin: [INFO] PACKER_CONFIG env var not set; checking the default config file path
2026/05/25 19:57:51 packer-provisioner-file plugin: [INFO] PACKER_CONFIG env var set; attempting to open config file: /home/cqban/.packerconfig
2026/05/25 19:57:51 packer-provisioner-file plugin: [WARN] Config file doesn't exist: /home/cqban/.packerconfig
2026/05/25 19:57:51 packer-provisioner-file plugin: [INFO] Setting cache directory: /home/cqban/.cache/packer
2026/05/25 19:57:51 packer-provisioner-file plugin: Plugin address: unix /tmp/packer-plugin2313367434
2026/05/25 19:57:51 packer-provisioner-file plugin: Waiting for connection...
2026/05/25 19:57:51 Received unix RPC address for /usr/bin/packer: addr is /tmp/packer-plugin2313367434
2026/05/25 19:57:51 packer-provisioner-file plugin: Serving a plugin connection...
2026/05/25 19:57:51 packer-provisioner-file plugin: [DEBUG] - common: sending ConfigSpec as protobuf
2026/05/25 19:57:51 [DEBUG] - common: receiving ConfigSpec as protobuf
2026/05/25 19:57:51 packer-provisioner-file plugin: [DEBUG] - common: sending ConfigSpec as protobuf
2026/05/25 19:57:51 [DEBUG] - common: receiving ConfigSpec as protobuf
2026/05/25 19:57:51 [INFO] Starting external plugin /usr/bin/packer execute --protobuf packer-provisioner-file
2026/05/25 19:57:51 Starting plugin: /usr/bin/packer []string{"/usr/bin/packer", "execute", "--protobuf", "packer-provisioner-file"}
2026/05/25 19:57:51 Waiting for RPC address for: /usr/bin/packer
2026/05/25 19:57:51 packer-provisioner-file plugin: [INFO] Packer version: 1.15.3 [go1.25.9 linux amd64]
2026/05/25 19:57:51 packer-provisioner-file plugin: [INFO] PACKER_CONFIG env var not set; checking the default config file path
2026/05/25 19:57:51 packer-provisioner-file plugin: [INFO] PACKER_CONFIG env var set; attempting to open config file: /home/cqban/.packerconfig
2026/05/25 19:57:51 packer-provisioner-file plugin: [WARN] Config file doesn't exist: /home/cqban/.packerconfig
2026/05/25 19:57:51 packer-provisioner-file plugin: [INFO] Setting cache directory: /home/cqban/.cache/packer
2026/05/25 19:57:51 packer-provisioner-file plugin: Plugin address: unix /tmp/packer-plugin3785995403
2026/05/25 19:57:51 packer-provisioner-file plugin: Waiting for connection...
2026/05/25 19:57:51 Received unix RPC address for /usr/bin/packer: addr is /tmp/packer-plugin3785995403
2026/05/25 19:57:51 packer-provisioner-file plugin: Serving a plugin connection...
2026/05/25 19:57:51 packer-provisioner-file plugin: [DEBUG] - common: sending ConfigSpec as protobuf
2026/05/25 19:57:51 [DEBUG] - common: receiving ConfigSpec as protobuf
2026/05/25 19:57:51 packer-provisioner-file plugin: [DEBUG] - common: sending ConfigSpec as protobuf
2026/05/25 19:57:51 [DEBUG] - common: receiving ConfigSpec as protobuf
2026/05/25 19:57:51 [INFO] Starting external plugin /usr/bin/packer execute --protobuf packer-provisioner-file
2026/05/25 19:57:51 Starting plugin: /usr/bin/packer []string{"/usr/bin/packer", "execute", "--protobuf", "packer-provisioner-file"}
2026/05/25 19:57:51 Waiting for RPC address for: /usr/bin/packer
2026/05/25 19:57:51 packer-provisioner-file plugin: [INFO] Packer version: 1.15.3 [go1.25.9 linux amd64]
2026/05/25 19:57:51 packer-provisioner-file plugin: [INFO] PACKER_CONFIG env var not set; checking the default config file path
2026/05/25 19:57:51 packer-provisioner-file plugin: [INFO] PACKER_CONFIG env var set; attempting to open config file: /home/cqban/.packerconfig
2026/05/25 19:57:51 packer-provisioner-file plugin: [WARN] Config file doesn't exist: /home/cqban/.packerconfig
2026/05/25 19:57:51 packer-provisioner-file plugin: [INFO] Setting cache directory: /home/cqban/.cache/packer
2026/05/25 19:57:51 Received unix RPC address for /usr/bin/packer: addr is /tmp/packer-plugin3346863435
2026/05/25 19:57:51 packer-provisioner-file plugin: Plugin address: unix /tmp/packer-plugin3346863435
2026/05/25 19:57:51 packer-provisioner-file plugin: Waiting for connection...
2026/05/25 19:57:51 packer-provisioner-file plugin: Serving a plugin connection...
2026/05/25 19:57:51 packer-provisioner-file plugin: [DEBUG] - common: sending ConfigSpec as protobuf
2026/05/25 19:57:51 [DEBUG] - common: receiving ConfigSpec as protobuf
2026/05/25 19:57:51 packer-provisioner-file plugin: [DEBUG] - common: sending ConfigSpec as protobuf
2026/05/25 19:57:51 [DEBUG] - common: receiving ConfigSpec as protobuf
2026/05/25 19:57:51 [INFO] Starting external plugin /usr/bin/packer execute --protobuf packer-provisioner-windows-restart
2026/05/25 19:57:51 Starting plugin: /usr/bin/packer []string{"/usr/bin/packer", "execute", "--protobuf", "packer-provisioner-windows-restart"}
2026/05/25 19:57:51 Waiting for RPC address for: /usr/bin/packer
2026/05/25 19:57:51 packer-provisioner-windows-restart plugin: [INFO] Packer version: 1.15.3 [go1.25.9 linux amd64]
2026/05/25 19:57:51 packer-provisioner-windows-restart plugin: [INFO] PACKER_CONFIG env var not set; checking the default config file path
2026/05/25 19:57:51 packer-provisioner-windows-restart plugin: [INFO] PACKER_CONFIG env var set; attempting to open config file: /home/cqban/.packerconfig
2026/05/25 19:57:51 packer-provisioner-windows-restart plugin: [WARN] Config file doesn't exist: /home/cqban/.packerconfig
2026/05/25 19:57:51 packer-provisioner-windows-restart plugin: [INFO] Setting cache directory: /home/cqban/.cache/packer
2026/05/25 19:57:51 Received unix RPC address for /usr/bin/packer: addr is /tmp/packer-plugin284013844
2026/05/25 19:57:51 packer-provisioner-windows-restart plugin: Plugin address: unix /tmp/packer-plugin284013844
2026/05/25 19:57:51 packer-provisioner-windows-restart plugin: Waiting for connection...
2026/05/25 19:57:51 packer-provisioner-windows-restart plugin: Serving a plugin connection...
2026/05/25 19:57:51 packer-provisioner-windows-restart plugin: [DEBUG] - common: sending ConfigSpec as protobuf
2026/05/25 19:57:51 [DEBUG] - common: receiving ConfigSpec as protobuf
2026/05/25 19:57:51 packer-provisioner-windows-restart plugin: [DEBUG] - common: sending ConfigSpec as protobuf
2026/05/25 19:57:51 [DEBUG] - common: receiving ConfigSpec as protobuf
2026/05/25 19:57:51 [INFO] Starting external plugin /usr/bin/packer execute --protobuf packer-provisioner-powershell
2026/05/25 19:57:51 Starting plugin: /usr/bin/packer []string{"/usr/bin/packer", "execute", "--protobuf", "packer-provisioner-powershell"}
2026/05/25 19:57:51 Waiting for RPC address for: /usr/bin/packer
2026/05/25 19:57:51 packer-provisioner-powershell plugin: [INFO] Packer version: 1.15.3 [go1.25.9 linux amd64]
2026/05/25 19:57:51 packer-provisioner-powershell plugin: [INFO] PACKER_CONFIG env var not set; checking the default config file path
2026/05/25 19:57:51 packer-provisioner-powershell plugin: [INFO] PACKER_CONFIG env var set; attempting to open config file: /home/cqban/.packerconfig
2026/05/25 19:57:51 packer-provisioner-powershell plugin: [WARN] Config file doesn't exist: /home/cqban/.packerconfig
2026/05/25 19:57:51 packer-provisioner-powershell plugin: [INFO] Setting cache directory: /home/cqban/.cache/packer
2026/05/25 19:57:51 Received unix RPC address for /usr/bin/packer: addr is /tmp/packer-plugin2314409811
2026/05/25 19:57:51 packer-provisioner-powershell plugin: Plugin address: unix /tmp/packer-plugin2314409811
2026/05/25 19:57:51 packer-provisioner-powershell plugin: Waiting for connection...
2026/05/25 19:57:51 packer-provisioner-powershell plugin: Serving a plugin connection...
2026/05/25 19:57:51 packer-provisioner-powershell plugin: [DEBUG] - common: sending ConfigSpec as protobuf
2026/05/25 19:57:51 [DEBUG] - common: receiving ConfigSpec as protobuf
2026/05/25 19:57:51 packer-provisioner-powershell plugin: Using script default execute command powershell -executionpolicy bypass "& { if (Test-Path variable:global:ProgressPreference){set-variable -name variable:global:ProgressPreference -value 'SilentlyContinue'};. {{.Vars}}; &'{{.Path}}'; exit $LastExitCode }"
2026/05/25 19:57:51 packer-provisioner-powershell plugin: Using script default elevated execute command powershell -executionpolicy bypass "& { if (Test-Path variable:global:ProgressPreference){set-variable -name variable:global:ProgressPreference -value 'SilentlyContinue'};. {{.Vars}}; &'{{.Path}}'; exit $LastExitCode }"
2026/05/25 19:57:51 packer-provisioner-powershell plugin: [DEBUG] - common: sending ConfigSpec as protobuf
2026/05/25 19:57:51 [DEBUG] - common: receiving ConfigSpec as protobuf
2026/05/25 19:57:51 [INFO] Starting external plugin /usr/bin/packer execute --protobuf packer-provisioner-powershell
2026/05/25 19:57:51 Starting plugin: /usr/bin/packer []string{"/usr/bin/packer", "execute", "--protobuf", "packer-provisioner-powershell"}
2026/05/25 19:57:51 Waiting for RPC address for: /usr/bin/packer
2026/05/25 19:57:51 packer-provisioner-powershell plugin: [INFO] Packer version: 1.15.3 [go1.25.9 linux amd64]
2026/05/25 19:57:51 packer-provisioner-powershell plugin: [INFO] PACKER_CONFIG env var not set; checking the default config file path
2026/05/25 19:57:51 packer-provisioner-powershell plugin: [INFO] PACKER_CONFIG env var set; attempting to open config file: /home/cqban/.packerconfig
2026/05/25 19:57:51 packer-provisioner-powershell plugin: [WARN] Config file doesn't exist: /home/cqban/.packerconfig
2026/05/25 19:57:51 packer-provisioner-powershell plugin: [INFO] Setting cache directory: /home/cqban/.cache/packer
2026/05/25 19:57:51 packer-provisioner-powershell plugin: Plugin address: unix /tmp/packer-plugin3837160199
2026/05/25 19:57:51 packer-provisioner-powershell plugin: Waiting for connection...
2026/05/25 19:57:51 Received unix RPC address for /usr/bin/packer: addr is /tmp/packer-plugin3837160199
2026/05/25 19:57:51 packer-provisioner-powershell plugin: Serving a plugin connection...
2026/05/25 19:57:51 packer-provisioner-powershell plugin: [DEBUG] - common: sending ConfigSpec as protobuf
2026/05/25 19:57:51 [DEBUG] - common: receiving ConfigSpec as protobuf
2026/05/25 19:57:51 packer-provisioner-powershell plugin: Using script default execute command powershell -executionpolicy bypass "& { if (Test-Path variable:global:ProgressPreference){set-variable -name variable:global:ProgressPreference -value 'SilentlyContinue'};. {{.Vars}}; &'{{.Path}}'; exit $LastExitCode }"
2026/05/25 19:57:51 packer-provisioner-powershell plugin: Using script default elevated execute command powershell -executionpolicy bypass "& { if (Test-Path variable:global:ProgressPreference){set-variable -name variable:global:ProgressPreference -value 'SilentlyContinue'};. {{.Vars}}; &'{{.Path}}'; exit $LastExitCode }"
2026/05/25 19:57:51 packer-provisioner-powershell plugin: [DEBUG] - common: sending ConfigSpec as protobuf
2026/05/25 19:57:51 [DEBUG] - common: receiving ConfigSpec as protobuf
2026/05/25 19:57:51 [INFO] Starting external plugin /usr/bin/packer execute --protobuf packer-provisioner-file
2026/05/25 19:57:51 Starting plugin: /usr/bin/packer []string{"/usr/bin/packer", "execute", "--protobuf", "packer-provisioner-file"}
2026/05/25 19:57:51 Waiting for RPC address for: /usr/bin/packer
2026/05/25 19:57:51 packer-provisioner-file plugin: [INFO] Packer version: 1.15.3 [go1.25.9 linux amd64]
2026/05/25 19:57:51 packer-provisioner-file plugin: [INFO] PACKER_CONFIG env var not set; checking the default config file path
2026/05/25 19:57:51 packer-provisioner-file plugin: [INFO] PACKER_CONFIG env var set; attempting to open config file: /home/cqban/.packerconfig
2026/05/25 19:57:51 packer-provisioner-file plugin: [WARN] Config file doesn't exist: /home/cqban/.packerconfig
2026/05/25 19:57:51 packer-provisioner-file plugin: [INFO] Setting cache directory: /home/cqban/.cache/packer
2026/05/25 19:57:51 packer-provisioner-file plugin: Plugin address: unix /tmp/packer-plugin3094039546
2026/05/25 19:57:51 packer-provisioner-file plugin: Waiting for connection...
2026/05/25 19:57:51 Received unix RPC address for /usr/bin/packer: addr is /tmp/packer-plugin3094039546
2026/05/25 19:57:51 packer-provisioner-file plugin: Serving a plugin connection...
2026/05/25 19:57:51 packer-provisioner-file plugin: [DEBUG] - common: sending ConfigSpec as protobuf
2026/05/25 19:57:51 [DEBUG] - common: receiving ConfigSpec as protobuf
2026/05/25 19:57:51 packer-provisioner-file plugin: [DEBUG] - common: sending ConfigSpec as protobuf
2026/05/25 19:57:51 [DEBUG] - common: receiving ConfigSpec as protobuf
2026/05/25 19:57:51 [INFO] Starting external plugin /usr/bin/packer execute --protobuf packer-provisioner-powershell
2026/05/25 19:57:51 Starting plugin: /usr/bin/packer []string{"/usr/bin/packer", "execute", "--protobuf", "packer-provisioner-powershell"}
2026/05/25 19:57:51 Waiting for RPC address for: /usr/bin/packer
2026/05/25 19:57:51 packer-provisioner-powershell plugin: [INFO] Packer version: 1.15.3 [go1.25.9 linux amd64]
2026/05/25 19:57:51 packer-provisioner-powershell plugin: [INFO] PACKER_CONFIG env var not set; checking the default config file path
2026/05/25 19:57:51 packer-provisioner-powershell plugin: [INFO] PACKER_CONFIG env var set; attempting to open config file: /home/cqban/.packerconfig
2026/05/25 19:57:51 packer-provisioner-powershell plugin: [WARN] Config file doesn't exist: /home/cqban/.packerconfig
2026/05/25 19:57:51 packer-provisioner-powershell plugin: [INFO] Setting cache directory: /home/cqban/.cache/packer
2026/05/25 19:57:51 Received unix RPC address for /usr/bin/packer: addr is /tmp/packer-plugin1103246881
2026/05/25 19:57:51 packer-provisioner-powershell plugin: Plugin address: unix /tmp/packer-plugin1103246881
2026/05/25 19:57:51 packer-provisioner-powershell plugin: Waiting for connection...
2026/05/25 19:57:51 packer-provisioner-powershell plugin: Serving a plugin connection...
2026/05/25 19:57:51 packer-provisioner-powershell plugin: [DEBUG] - common: sending ConfigSpec as protobuf
2026/05/25 19:57:51 [DEBUG] - common: receiving ConfigSpec as protobuf
2026/05/25 19:57:51 packer-provisioner-powershell plugin: Using script default execute command powershell -executionpolicy bypass "& { if (Test-Path variable:global:ProgressPreference){set-variable -name variable:global:ProgressPreference -value 'SilentlyContinue'};. {{.Vars}}; &'{{.Path}}'; exit $LastExitCode }"
2026/05/25 19:57:51 packer-provisioner-powershell plugin: Using script default elevated execute command powershell -executionpolicy bypass "& { if (Test-Path variable:global:ProgressPreference){set-variable -name variable:global:ProgressPreference -value 'SilentlyContinue'};. {{.Vars}}; &'{{.Path}}'; exit $LastExitCode }"
2026/05/25 19:57:51 packer-provisioner-powershell plugin: [DEBUG] - common: sending ConfigSpec as protobuf
2026/05/25 19:57:51 [DEBUG] - common: receiving ConfigSpec as protobuf
2026/05/25 19:57:51 ui: [1;32mwindows-server-2022.proxmox-iso.windows-server-2022: output will be in this color.[0m
2026/05/25 19:57:51 ui: 
2026/05/25 19:57:51 Build debug mode: false
2026/05/25 19:57:51 Force build: false
2026/05/25 19:57:51 On error: 
2026/05/25 19:57:51 Waiting on builds to complete...
2026/05/25 19:57:51 Starting build run: windows-server-2022.proxmox-iso.windows-server-2022
2026/05/25 19:57:51 Running builder: proxmox-iso
2026/05/25 19:57:51 [INFO] (telemetry) Starting builder proxmox-iso.windows-server-2022
2026/05/25 19:57:51 packer-plugin-proxmox_v1.2.3_x5.0_linux_amd64 plugin: 2026/05/25 19:57:51 using password auth
2026/05/25 19:57:52 packer-plugin-proxmox_v1.2.3_x5.0_linux_amd64 plugin: 2026/05/25 19:57:52 No CD files specified. CD disk will not be made.
2026/05/25 19:57:52 packer-plugin-proxmox_v1.2.3_x5.0_linux_amd64 plugin: 2026/05/25 19:57:52 No URLs were provided to Step Download. Continuing...
2026/05/25 19:57:52 packer-plugin-proxmox_v1.2.3_x5.0_linux_amd64 plugin: 2026/05/25 19:57:52 No CD files specified. CD disk will not be made.
2026/05/25 19:57:52 packer-plugin-proxmox_v1.2.3_x5.0_linux_amd64 plugin: 2026/05/25 19:57:52 No URLs were provided to Step Download. Continuing...
2026/05/25 19:57:52 packer-plugin-proxmox_v1.2.3_x5.0_linux_amd64 plugin: 2026/05/25 19:57:52 No CD files specified. CD disk will not be made.
2026/05/25 19:57:52 packer-plugin-proxmox_v1.2.3_x5.0_linux_amd64 plugin: 2026/05/25 19:57:52 No URLs were provided to Step Download. Continuing...
2026/05/25 19:57:52 ui: [1;32m==> windows-server-2022.proxmox-iso.windows-server-2022: Creating CD disk...[0m
2026/05/25 19:57:52 packer-plugin-proxmox_v1.2.3_x5.0_linux_amd64 plugin: 2026/05/25 19:57:52 CD label is set to Unattend
2026/05/25 19:57:52 packer-plugin-proxmox_v1.2.3_x5.0_linux_amd64 plugin: 2026/05/25 19:57:52 CD path: /tmp/packer2578488362.iso
2026/05/25 19:57:52 packer-plugin-proxmox_v1.2.3_x5.0_linux_amd64 plugin: 2026/05/25 19:57:52 Executing: /usr/bin/xorriso [-as genisoimage -rock -joliet -volid Unattend -output /tmp/packer2578488362.iso /tmp/packer_to_cdrom3055275380]
2026/05/25 19:57:52 ui: [1;32m==> windows-server-2022.proxmox-iso.windows-server-2022: xorriso 1.5.6 : RockRidge filesystem manipulator, libburnia project.[0m
2026/05/25 19:57:52 ui: [1;32m==> windows-server-2022.proxmox-iso.windows-server-2022: Drive current: -outdev 'stdio:/tmp/packer2578488362.iso'[0m
2026/05/25 19:57:52 ui: [1;32m==> windows-server-2022.proxmox-iso.windows-server-2022: Media current: stdio file, overwriteable[0m
2026/05/25 19:57:52 ui: [1;32m==> windows-server-2022.proxmox-iso.windows-server-2022: Media status : is blank[0m
2026/05/25 19:57:52 ui: [1;32m==> windows-server-2022.proxmox-iso.windows-server-2022: Media summary: 0 sessions, 0 data blocks, 0 data, 15.3g free[0m
2026/05/25 19:57:52 ui: [1;32m==> windows-server-2022.proxmox-iso.windows-server-2022: xorriso : WARNING : -volid text does not comply to ISO 9660 / ECMA 119 rules[0m
2026/05/25 19:57:52 ui: [1;32m==> windows-server-2022.proxmox-iso.windows-server-2022: Added to ISO image: directory '/'='/tmp/packer_to_cdrom3055275380'[0m
2026/05/25 19:57:52 ui: [1;32m==> windows-server-2022.proxmox-iso.windows-server-2022: xorriso : UPDATE :       1 files added in 1 seconds[0m
2026/05/25 19:57:52 ui: [1;32m==> windows-server-2022.proxmox-iso.windows-server-2022: xorriso : UPDATE :       1 files added in 1 seconds[0m
2026/05/25 19:57:52 ui: [1;32m==> windows-server-2022.proxmox-iso.windows-server-2022: ISO image produced: 188 sectors[0m
2026/05/25 19:57:52 ui: [1;32m==> windows-server-2022.proxmox-iso.windows-server-2022: Written to medium : 188 sectors at LBA 0[0m
2026/05/25 19:57:52 ui: [1;32m==> windows-server-2022.proxmox-iso.windows-server-2022: Writing to 'stdio:/tmp/packer2578488362.iso' completed successfully.[0m
2026/05/25 19:57:52 ui: [1;32m==> windows-server-2022.proxmox-iso.windows-server-2022: Done copying paths from CD_dirs[0m
2026/05/25 19:57:52 packer-plugin-proxmox_v1.2.3_x5.0_linux_amd64 plugin: 2026/05/25 19:57:52 No URLs were provided to Step Download. Continuing...
2026/05/25 19:57:53 ui: [1;32m==> windows-server-2022.proxmox-iso.windows-server-2022: Uploaded ISO to local:iso/packer2578488362.iso[0m
2026/05/25 19:57:53 packer-plugin-proxmox_v1.2.3_x5.0_linux_amd64 plugin: 2026/05/25 19:57:53 Mapping static assigned ISO to ide2
2026/05/25 19:57:53 packer-plugin-proxmox_v1.2.3_x5.0_linux_amd64 plugin: 2026/05/25 19:57:53 Mapping static assigned ISO to ide0
2026/05/25 19:57:53 packer-plugin-proxmox_v1.2.3_x5.0_linux_amd64 plugin: 2026/05/25 19:57:53 Mapping static assigned ISO to ide1
2026/05/25 19:57:53 packer-plugin-proxmox_v1.2.3_x5.0_linux_amd64 plugin: 2026/05/25 19:57:53 Mapping static assigned ISO to sata0
2026/05/25 19:57:53 packer-plugin-proxmox_v1.2.3_x5.0_linux_amd64 plugin: 2026/05/25 19:57:53 Mapping Disk to scsi0
2026/05/25 19:57:53 ui: [1;32m==> windows-server-2022.proxmox-iso.windows-server-2022: Creating VM[0m
2026/05/25 19:57:56 ui: [1;32m==> windows-server-2022.proxmox-iso.windows-server-2022: Starting VM[0m
2026/05/25 19:57:59 ui: [1;32m==> windows-server-2022.proxmox-iso.windows-server-2022: Using WinRM communicator to connect: 10.10.30.250[0m
2026/05/25 19:57:59 packer-plugin-proxmox_v1.2.3_x5.0_linux_amd64 plugin: 2026/05/25 19:57:59 No boot command given, skipping
2026/05/25 19:57:59 packer-plugin-proxmox_v1.2.3_x5.0_linux_amd64 plugin: 2026/05/25 19:57:59 Waiting for WinRM, up to timeout: 1h30m0s
2026/05/25 19:57:59 ui: [1;32m==> windows-server-2022.proxmox-iso.windows-server-2022: Waiting for WinRM to become available...[0m
2026/05/25 19:57:59 packer-plugin-proxmox_v1.2.3_x5.0_linux_amd64 plugin: 2026/05/25 19:57:59 [INFO] Attempting WinRM connection...
2026/05/25 19:57:59 packer-plugin-proxmox_v1.2.3_x5.0_linux_amd64 plugin: 2026/05/25 19:57:59 [DEBUG] connecting to remote shell using WinRM
2026/05/25 19:58:29 packer-plugin-proxmox_v1.2.3_x5.0_linux_amd64 plugin: 2026/05/25 19:58:29 [ERROR] connection error: unknown error Post "http://10.10.30.250:5985/wsman": dial tcp 10.10.30.250:5985: i/o timeout
2026/05/25 19:58:29 packer-plugin-proxmox_v1.2.3_x5.0_linux_amd64 plugin: 2026/05/25 19:58:29 [ERROR] WinRM connection err: unknown error Post "http://10.10.30.250:5985/wsman": dial tcp 10.10.30.250:5985: i/o timeout
2026/05/25 19:58:34 packer-plugin-proxmox_v1.2.3_x5.0_linux_amd64 plugin: 2026/05/25 19:58:34 [INFO] Attempting WinRM connection...
2026/05/25 19:58:34 packer-plugin-proxmox_v1.2.3_x5.0_linux_amd64 plugin: 2026/05/25 19:58:34 [DEBUG] connecting to remote shell using WinRM
2026/05/25 19:58:34 packer-plugin-proxmox_v1.2.3_x5.0_linux_amd64 plugin: 2026/05/25 19:58:34 [ERROR] connection error: unknown error Post "http://10.10.30.250:5985/wsman": dial tcp 10.10.30.250:5985: connect: connection refused
2026/05/25 19:58:34 packer-plugin-proxmox_v1.2.3_x5.0_linux_amd64 plugin: 2026/05/25 19:58:34 [ERROR] WinRM connection err: unknown error Post "http://10.10.30.250:5985/wsman": dial tcp 10.10.30.250:5985: connect: connection refused
2026/05/25 19:58:39 packer-plugin-proxmox_v1.2.3_x5.0_linux_amd64 plugin: 2026/05/25 19:58:39 [INFO] Attempting WinRM connection...
2026/05/25 19:58:39 packer-plugin-proxmox_v1.2.3_x5.0_linux_amd64 plugin: 2026/05/25 19:58:39 [DEBUG] connecting to remote shell using WinRM
2026/05/25 19:58:39 packer-plugin-proxmox_v1.2.3_x5.0_linux_amd64 plugin: 2026/05/25 19:58:39 [ERROR] connection error: unknown error Post "http://10.10.30.250:5985/wsman": dial tcp 10.10.30.250:5985: connect: connection refused
2026/05/25 19:58:39 packer-plugin-proxmox_v1.2.3_x5.0_linux_amd64 plugin: 2026/05/25 19:58:39 [ERROR] WinRM connection err: unknown error Post "http://10.10.30.250:5985/wsman": dial tcp 10.10.30.250:5985: connect: connection refused
2026/05/25 19:58:44 packer-plugin-proxmox_v1.2.3_x5.0_linux_amd64 plugin: 2026/05/25 19:58:44 [INFO] Attempting WinRM connection...
2026/05/25 19:58:44 packer-plugin-proxmox_v1.2.3_x5.0_linux_amd64 plugin: 2026/05/25 19:58:44 [DEBUG] connecting to remote shell using WinRM
2026/05/25 19:58:44 packer-plugin-proxmox_v1.2.3_x5.0_linux_amd64 plugin: 2026/05/25 19:58:44 [ERROR] connection error: unknown error Post "http://10.10.30.250:5985/wsman": dial tcp 10.10.30.250:5985: connect: connection refused
2026/05/25 19:58:44 packer-plugin-proxmox_v1.2.3_x5.0_linux_amd64 plugin: 2026/05/25 19:58:44 [ERROR] WinRM connection err: unknown error Post "http://10.10.30.250:5985/wsman": dial tcp 10.10.30.250:5985: connect: connection refused
2026/05/25 19:58:49 packer-plugin-proxmox_v1.2.3_x5.0_linux_amd64 plugin: 2026/05/25 19:58:49 [INFO] Attempting WinRM connection...
2026/05/25 19:58:49 packer-plugin-proxmox_v1.2.3_x5.0_linux_amd64 plugin: 2026/05/25 19:58:49 [DEBUG] connecting to remote shell using WinRM
2026/05/25 19:58:50 packer-plugin-proxmox_v1.2.3_x5.0_linux_amd64 plugin: 2026/05/25 19:58:50 [ERROR] connection error: unknown error Post "http://10.10.30.250:5985/wsman": dial tcp 10.10.30.250:5985: connect: connection refused
2026/05/25 19:58:50 packer-plugin-proxmox_v1.2.3_x5.0_linux_amd64 plugin: 2026/05/25 19:58:50 [ERROR] WinRM connection err: unknown error Post "http://10.10.30.250:5985/wsman": dial tcp 10.10.30.250:5985: connect: connection refused
2026/05/25 19:58:55 packer-plugin-proxmox_v1.2.3_x5.0_linux_amd64 plugin: 2026/05/25 19:58:55 [INFO] Attempting WinRM connection...
2026/05/25 19:58:55 packer-plugin-proxmox_v1.2.3_x5.0_linux_amd64 plugin: 2026/05/25 19:58:55 [DEBUG] connecting to remote shell using WinRM
2026/05/25 19:58:55 packer-plugin-proxmox_v1.2.3_x5.0_linux_amd64 plugin: 2026/05/25 19:58:55 [ERROR] connection error: unknown error Post "http://10.10.30.250:5985/wsman": dial tcp 10.10.30.250:5985: connect: connection refused
2026/05/25 19:58:55 packer-plugin-proxmox_v1.2.3_x5.0_linux_amd64 plugin: 2026/05/25 19:58:55 [ERROR] WinRM connection err: unknown error Post "http://10.10.30.250:5985/wsman": dial tcp 10.10.30.250:5985: connect: connection refused
2026/05/25 19:59:00 packer-plugin-proxmox_v1.2.3_x5.0_linux_amd64 plugin: 2026/05/25 19:59:00 [INFO] Attempting WinRM connection...
2026/05/25 19:59:00 packer-plugin-proxmox_v1.2.3_x5.0_linux_amd64 plugin: 2026/05/25 19:59:00 [DEBUG] connecting to remote shell using WinRM
2026/05/25 19:59:00 packer-plugin-proxmox_v1.2.3_x5.0_linux_amd64 plugin: 2026/05/25 19:59:00 [ERROR] connection error: unknown error Post "http://10.10.30.250:5985/wsman": dial tcp 10.10.30.250:5985: connect: connection refused
2026/05/25 19:59:00 packer-plugin-proxmox_v1.2.3_x5.0_linux_amd64 plugin: 2026/05/25 19:59:00 [ERROR] WinRM connection err: unknown error Post "http://10.10.30.250:5985/wsman": dial tcp 10.10.30.250:5985: connect: connection refused
2026/05/25 19:59:05 packer-plugin-proxmox_v1.2.3_x5.0_linux_amd64 plugin: 2026/05/25 19:59:05 [INFO] Attempting WinRM connection...
2026/05/25 19:59:05 packer-plugin-proxmox_v1.2.3_x5.0_linux_amd64 plugin: 2026/05/25 19:59:05 [DEBUG] connecting to remote shell using WinRM
2026/05/25 19:59:05 packer-plugin-proxmox_v1.2.3_x5.0_linux_amd64 plugin: 2026/05/25 19:59:05 [ERROR] connection error: unknown error Post "http://10.10.30.250:5985/wsman": dial tcp 10.10.30.250:5985: connect: connection refused
2026/05/25 19:59:05 packer-plugin-proxmox_v1.2.3_x5.0_linux_amd64 plugin: 2026/05/25 19:59:05 [ERROR] WinRM connection err: unknown error Post "http://10.10.30.250:5985/wsman": dial tcp 10.10.30.250:5985: connect: connection refused
2026/05/25 19:59:10 packer-plugin-proxmox_v1.2.3_x5.0_linux_amd64 plugin: 2026/05/25 19:59:10 [INFO] Attempting WinRM connection...
2026/05/25 19:59:10 packer-plugin-proxmox_v1.2.3_x5.0_linux_amd64 plugin: 2026/05/25 19:59:10 [DEBUG] connecting to remote shell using WinRM
2026/05/25 19:59:11 packer-plugin-proxmox_v1.2.3_x5.0_linux_amd64 plugin: 2026/05/25 19:59:11 [ERROR] connection error: unknown error Post "http://10.10.30.250:5985/wsman": dial tcp 10.10.30.250:5985: connect: connection refused
2026/05/25 19:59:11 packer-plugin-proxmox_v1.2.3_x5.0_linux_amd64 plugin: 2026/05/25 19:59:11 [ERROR] WinRM connection err: unknown error Post "http://10.10.30.250:5985/wsman": dial tcp 10.10.30.250:5985: connect: connection refused
2026/05/25 19:59:16 packer-plugin-proxmox_v1.2.3_x5.0_linux_amd64 plugin: 2026/05/25 19:59:16 [INFO] Attempting WinRM connection...
2026/05/25 19:59:16 packer-plugin-proxmox_v1.2.3_x5.0_linux_amd64 plugin: 2026/05/25 19:59:16 [DEBUG] connecting to remote shell using WinRM
2026/05/25 19:59:16 packer-plugin-proxmox_v1.2.3_x5.0_linux_amd64 plugin: 2026/05/25 19:59:16 [ERROR] connection error: unknown error Post "http://10.10.30.250:5985/wsman": dial tcp 10.10.30.250:5985: connect: connection refused
2026/05/25 19:59:16 packer-plugin-proxmox_v1.2.3_x5.0_linux_amd64 plugin: 2026/05/25 19:59:16 [ERROR] WinRM connection err: unknown error Post "http://10.10.30.250:5985/wsman": dial tcp 10.10.30.250:5985: connect: connection refused
2026/05/25 19:59:21 packer-plugin-proxmox_v1.2.3_x5.0_linux_amd64 plugin: 2026/05/25 19:59:21 [INFO] Attempting WinRM connection...
2026/05/25 19:59:21 packer-plugin-proxmox_v1.2.3_x5.0_linux_amd64 plugin: 2026/05/25 19:59:21 [DEBUG] connecting to remote shell using WinRM
2026/05/25 19:59:21 packer-plugin-proxmox_v1.2.3_x5.0_linux_amd64 plugin: 2026/05/25 19:59:21 [ERROR] connection error: unknown error Post "http://10.10.30.250:5985/wsman": dial tcp 10.10.30.250:5985: connect: connection refused
2026/05/25 19:59:21 packer-plugin-proxmox_v1.2.3_x5.0_linux_amd64 plugin: 2026/05/25 19:59:21 [ERROR] WinRM connection err: unknown error Post "http://10.10.30.250:5985/wsman": dial tcp 10.10.30.250:5985: connect: connection refused
2026/05/25 19:59:26 packer-plugin-proxmox_v1.2.3_x5.0_linux_amd64 plugin: 2026/05/25 19:59:26 [INFO] Attempting WinRM connection...
2026/05/25 19:59:26 packer-plugin-proxmox_v1.2.3_x5.0_linux_amd64 plugin: 2026/05/25 19:59:26 [DEBUG] connecting to remote shell using WinRM
2026/05/25 19:59:26 packer-plugin-proxmox_v1.2.3_x5.0_linux_amd64 plugin: 2026/05/25 19:59:26 [ERROR] connection error: unknown error Post "http://10.10.30.250:5985/wsman": dial tcp 10.10.30.250:5985: connect: connection refused
2026/05/25 19:59:26 packer-plugin-proxmox_v1.2.3_x5.0_linux_amd64 plugin: 2026/05/25 19:59:26 [ERROR] WinRM connection err: unknown error Post "http://10.10.30.250:5985/wsman": dial tcp 10.10.30.250:5985: connect: connection refused
2026/05/25 19:59:31 packer-plugin-proxmox_v1.2.3_x5.0_linux_amd64 plugin: 2026/05/25 19:59:31 [INFO] Attempting WinRM connection...
2026/05/25 19:59:31 packer-plugin-proxmox_v1.2.3_x5.0_linux_amd64 plugin: 2026/05/25 19:59:31 [DEBUG] connecting to remote shell using WinRM
2026/05/25 19:59:31 packer-plugin-proxmox_v1.2.3_x5.0_linux_amd64 plugin: 2026/05/25 19:59:31 [ERROR] connection error: unknown error Post "http://10.10.30.250:5985/wsman": dial tcp 10.10.30.250:5985: connect: connection refused
2026/05/25 19:59:31 packer-plugin-proxmox_v1.2.3_x5.0_linux_amd64 plugin: 2026/05/25 19:59:31 [ERROR] WinRM connection err: unknown error Post "http://10.10.30.250:5985/wsman": dial tcp 10.10.30.250:5985: connect: connection refused
2026/05/25 19:59:36 packer-plugin-proxmox_v1.2.3_x5.0_linux_amd64 plugin: 2026/05/25 19:59:36 [INFO] Attempting WinRM connection...
2026/05/25 19:59:36 packer-plugin-proxmox_v1.2.3_x5.0_linux_amd64 plugin: 2026/05/25 19:59:36 [DEBUG] connecting to remote shell using WinRM
2026/05/25 19:59:37 packer-plugin-proxmox_v1.2.3_x5.0_linux_amd64 plugin: 2026/05/25 19:59:37 [ERROR] connection error: unknown error Post "http://10.10.30.250:5985/wsman": dial tcp 10.10.30.250:5985: connect: connection refused
2026/05/25 19:59:37 packer-plugin-proxmox_v1.2.3_x5.0_linux_amd64 plugin: 2026/05/25 19:59:37 [ERROR] WinRM connection err: unknown error Post "http://10.10.30.250:5985/wsman": dial tcp 10.10.30.250:5985: connect: connection refused
2026/05/25 19:59:42 packer-plugin-proxmox_v1.2.3_x5.0_linux_amd64 plugin: 2026/05/25 19:59:42 [INFO] Attempting WinRM connection...
2026/05/25 19:59:42 packer-plugin-proxmox_v1.2.3_x5.0_linux_amd64 plugin: 2026/05/25 19:59:42 [DEBUG] connecting to remote shell using WinRM
2026/05/25 19:59:42 packer-plugin-proxmox_v1.2.3_x5.0_linux_amd64 plugin: 2026/05/25 19:59:42 [ERROR] connection error: unknown error Post "http://10.10.30.250:5985/wsman": dial tcp 10.10.30.250:5985: connect: connection refused
2026/05/25 19:59:42 packer-plugin-proxmox_v1.2.3_x5.0_linux_amd64 plugin: 2026/05/25 19:59:42 [ERROR] WinRM connection err: unknown error Post "http://10.10.30.250:5985/wsman": dial tcp 10.10.30.250:5985: connect: connection refused
2026/05/25 19:59:47 packer-plugin-proxmox_v1.2.3_x5.0_linux_amd64 plugin: 2026/05/25 19:59:47 [INFO] Attempting WinRM connection...
2026/05/25 19:59:47 packer-plugin-proxmox_v1.2.3_x5.0_linux_amd64 plugin: 2026/05/25 19:59:47 [DEBUG] connecting to remote shell using WinRM
2026/05/25 19:59:47 packer-plugin-proxmox_v1.2.3_x5.0_linux_amd64 plugin: 2026/05/25 19:59:47 [ERROR] connection error: unknown error Post "http://10.10.30.250:5985/wsman": dial tcp 10.10.30.250:5985: connect: connection refused
2026/05/25 19:59:47 packer-plugin-proxmox_v1.2.3_x5.0_linux_amd64 plugin: 2026/05/25 19:59:47 [ERROR] WinRM connection err: unknown error Post "http://10.10.30.250:5985/wsman": dial tcp 10.10.30.250:5985: connect: connection refused
2026/05/25 19:59:52 packer-plugin-proxmox_v1.2.3_x5.0_linux_amd64 plugin: 2026/05/25 19:59:52 [INFO] Attempting WinRM connection...
2026/05/25 19:59:52 packer-plugin-proxmox_v1.2.3_x5.0_linux_amd64 plugin: 2026/05/25 19:59:52 [DEBUG] connecting to remote shell using WinRM
2026/05/25 19:59:52 packer-plugin-proxmox_v1.2.3_x5.0_linux_amd64 plugin: 2026/05/25 19:59:52 [ERROR] connection error: unknown error Post "http://10.10.30.250:5985/wsman": dial tcp 10.10.30.250:5985: connect: connection refused
2026/05/25 19:59:52 packer-plugin-proxmox_v1.2.3_x5.0_linux_amd64 plugin: 2026/05/25 19:59:52 [ERROR] WinRM connection err: unknown error Post "http://10.10.30.250:5985/wsman": dial tcp 10.10.30.250:5985: connect: connection refused
2026/05/25 19:59:57 packer-plugin-proxmox_v1.2.3_x5.0_linux_amd64 plugin: 2026/05/25 19:59:57 [INFO] Attempting WinRM connection...
2026/05/25 19:59:57 packer-plugin-proxmox_v1.2.3_x5.0_linux_amd64 plugin: 2026/05/25 19:59:57 [DEBUG] connecting to remote shell using WinRM
2026/05/25 19:59:57 packer-plugin-proxmox_v1.2.3_x5.0_linux_amd64 plugin: 2026/05/25 19:59:57 [ERROR] connection error: unknown error Post "http://10.10.30.250:5985/wsman": dial tcp 10.10.30.250:5985: connect: connection refused
2026/05/25 19:59:57 packer-plugin-proxmox_v1.2.3_x5.0_linux_amd64 plugin: 2026/05/25 19:59:57 [ERROR] WinRM connection err: unknown error Post "http://10.10.30.250:5985/wsman": dial tcp 10.10.30.250:5985: connect: connection refused
2026/05/25 20:00:02 packer-plugin-proxmox_v1.2.3_x5.0_linux_amd64 plugin: 2026/05/25 20:00:02 [INFO] Attempting WinRM connection...
2026/05/25 20:00:02 packer-plugin-proxmox_v1.2.3_x5.0_linux_amd64 plugin: 2026/05/25 20:00:02 [DEBUG] connecting to remote shell using WinRM
2026/05/25 20:00:03 packer-plugin-proxmox_v1.2.3_x5.0_linux_amd64 plugin: 2026/05/25 20:00:03 [ERROR] connection error: unknown error Post "http://10.10.30.250:5985/wsman": dial tcp 10.10.30.250:5985: connect: connection refused
2026/05/25 20:00:03 packer-plugin-proxmox_v1.2.3_x5.0_linux_amd64 plugin: 2026/05/25 20:00:03 [ERROR] WinRM connection err: unknown error Post "http://10.10.30.250:5985/wsman": dial tcp 10.10.30.250:5985: connect: connection refused
2026/05/25 20:00:08 packer-plugin-proxmox_v1.2.3_x5.0_linux_amd64 plugin: 2026/05/25 20:00:08 [INFO] Attempting WinRM connection...
2026/05/25 20:00:08 packer-plugin-proxmox_v1.2.3_x5.0_linux_amd64 plugin: 2026/05/25 20:00:08 [DEBUG] connecting to remote shell using WinRM
2026/05/25 20:00:08 packer-plugin-proxmox_v1.2.3_x5.0_linux_amd64 plugin: 2026/05/25 20:00:08 [ERROR] connection error: unknown error Post "http://10.10.30.250:5985/wsman": dial tcp 10.10.30.250:5985: connect: connection refused
2026/05/25 20:00:08 packer-plugin-proxmox_v1.2.3_x5.0_linux_amd64 plugin: 2026/05/25 20:00:08 [ERROR] WinRM connection err: unknown error Post "http://10.10.30.250:5985/wsman": dial tcp 10.10.30.250:5985: connect: connection refused
2026/05/25 20:00:13 packer-plugin-proxmox_v1.2.3_x5.0_linux_amd64 plugin: 2026/05/25 20:00:13 [INFO] Attempting WinRM connection...
2026/05/25 20:00:13 packer-plugin-proxmox_v1.2.3_x5.0_linux_amd64 plugin: 2026/05/25 20:00:13 [DEBUG] connecting to remote shell using WinRM
2026/05/25 20:00:13 packer-plugin-proxmox_v1.2.3_x5.0_linux_amd64 plugin: 2026/05/25 20:00:13 [ERROR] connection error: unknown error Post "http://10.10.30.250:5985/wsman": dial tcp 10.10.30.250:5985: connect: connection refused
2026/05/25 20:00:13 packer-plugin-proxmox_v1.2.3_x5.0_linux_amd64 plugin: 2026/05/25 20:00:13 [ERROR] WinRM connection err: unknown error Post "http://10.10.30.250:5985/wsman": dial tcp 10.10.30.250:5985: connect: connection refused
2026/05/25 20:00:18 packer-plugin-proxmox_v1.2.3_x5.0_linux_amd64 plugin: 2026/05/25 20:00:18 [INFO] Attempting WinRM connection...
2026/05/25 20:00:18 packer-plugin-proxmox_v1.2.3_x5.0_linux_amd64 plugin: 2026/05/25 20:00:18 [DEBUG] connecting to remote shell using WinRM
2026/05/25 20:00:18 packer-plugin-proxmox_v1.2.3_x5.0_linux_amd64 plugin: 2026/05/25 20:00:18 [ERROR] connection error: unknown error Post "http://10.10.30.250:5985/wsman": dial tcp 10.10.30.250:5985: connect: connection refused
2026/05/25 20:00:18 packer-plugin-proxmox_v1.2.3_x5.0_linux_amd64 plugin: 2026/05/25 20:00:18 [ERROR] WinRM connection err: unknown error Post "http://10.10.30.250:5985/wsman": dial tcp 10.10.30.250:5985: connect: connection refused
2026/05/25 20:00:23 packer-plugin-proxmox_v1.2.3_x5.0_linux_amd64 plugin: 2026/05/25 20:00:23 [INFO] Attempting WinRM connection...
2026/05/25 20:00:23 packer-plugin-proxmox_v1.2.3_x5.0_linux_amd64 plugin: 2026/05/25 20:00:23 [DEBUG] connecting to remote shell using WinRM
2026/05/25 20:00:24 packer-plugin-proxmox_v1.2.3_x5.0_linux_amd64 plugin: 2026/05/25 20:00:24 [ERROR] connection error: unknown error Post "http://10.10.30.250:5985/wsman": dial tcp 10.10.30.250:5985: connect: connection refused
2026/05/25 20:00:24 packer-plugin-proxmox_v1.2.3_x5.0_linux_amd64 plugin: 2026/05/25 20:00:24 [ERROR] WinRM connection err: unknown error Post "http://10.10.30.250:5985/wsman": dial tcp 10.10.30.250:5985: connect: connection refused
2026/05/25 20:00:29 packer-plugin-proxmox_v1.2.3_x5.0_linux_amd64 plugin: 2026/05/25 20:00:29 [INFO] Attempting WinRM connection...
2026/05/25 20:00:29 packer-plugin-proxmox_v1.2.3_x5.0_linux_amd64 plugin: 2026/05/25 20:00:29 [DEBUG] connecting to remote shell using WinRM
2026/05/25 20:00:29 packer-plugin-proxmox_v1.2.3_x5.0_linux_amd64 plugin: 2026/05/25 20:00:29 [ERROR] connection error: unknown error Post "http://10.10.30.250:5985/wsman": dial tcp 10.10.30.250:5985: connect: connection refused
2026/05/25 20:00:29 packer-plugin-proxmox_v1.2.3_x5.0_linux_amd64 plugin: 2026/05/25 20:00:29 [ERROR] WinRM connection err: unknown error Post "http://10.10.30.250:5985/wsman": dial tcp 10.10.30.250:5985: connect: connection refused
2026/05/25 20:00:34 packer-plugin-proxmox_v1.2.3_x5.0_linux_amd64 plugin: 2026/05/25 20:00:34 [INFO] Attempting WinRM connection...
2026/05/25 20:00:34 packer-plugin-proxmox_v1.2.3_x5.0_linux_amd64 plugin: 2026/05/25 20:00:34 [DEBUG] connecting to remote shell using WinRM
2026/05/25 20:00:34 packer-plugin-proxmox_v1.2.3_x5.0_linux_amd64 plugin: 2026/05/25 20:00:34 [ERROR] connection error: unknown error Post "http://10.10.30.250:5985/wsman": dial tcp 10.10.30.250:5985: connect: connection refused
2026/05/25 20:00:34 packer-plugin-proxmox_v1.2.3_x5.0_linux_amd64 plugin: 2026/05/25 20:00:34 [ERROR] WinRM connection err: unknown error Post "http://10.10.30.250:5985/wsman": dial tcp 10.10.30.250:5985: connect: connection refused
2026/05/25 20:00:39 packer-plugin-proxmox_v1.2.3_x5.0_linux_amd64 plugin: 2026/05/25 20:00:39 [INFO] Attempting WinRM connection...
2026/05/25 20:00:39 packer-plugin-proxmox_v1.2.3_x5.0_linux_amd64 plugin: 2026/05/25 20:00:39 [DEBUG] connecting to remote shell using WinRM
2026/05/25 20:00:39 packer-plugin-proxmox_v1.2.3_x5.0_linux_amd64 plugin: 2026/05/25 20:00:39 [ERROR] connection error: unknown error Post "http://10.10.30.250:5985/wsman": dial tcp 10.10.30.250:5985: connect: connection refused
2026/05/25 20:00:39 packer-plugin-proxmox_v1.2.3_x5.0_linux_amd64 plugin: 2026/05/25 20:00:39 [ERROR] WinRM connection err: unknown error Post "http://10.10.30.250:5985/wsman": dial tcp 10.10.30.250:5985: connect: connection refused
2026/05/25 20:00:44 packer-plugin-proxmox_v1.2.3_x5.0_linux_amd64 plugin: 2026/05/25 20:00:44 [INFO] Attempting WinRM connection...
2026/05/25 20:00:44 packer-plugin-proxmox_v1.2.3_x5.0_linux_amd64 plugin: 2026/05/25 20:00:44 [DEBUG] connecting to remote shell using WinRM
2026/05/25 20:00:44 packer-plugin-proxmox_v1.2.3_x5.0_linux_amd64 plugin: 2026/05/25 20:00:44 [ERROR] connection error: unknown error Post "http://10.10.30.250:5985/wsman": dial tcp 10.10.30.250:5985: connect: connection refused
2026/05/25 20:00:44 packer-plugin-proxmox_v1.2.3_x5.0_linux_amd64 plugin: 2026/05/25 20:00:44 [ERROR] WinRM connection err: unknown error Post "http://10.10.30.250:5985/wsman": dial tcp 10.10.30.250:5985: connect: connection refused
2026/05/25 20:00:49 packer-plugin-proxmox_v1.2.3_x5.0_linux_amd64 plugin: 2026/05/25 20:00:49 [INFO] Attempting WinRM connection...
2026/05/25 20:00:49 packer-plugin-proxmox_v1.2.3_x5.0_linux_amd64 plugin: 2026/05/25 20:00:49 [DEBUG] connecting to remote shell using WinRM
2026/05/25 20:00:50 packer-plugin-proxmox_v1.2.3_x5.0_linux_amd64 plugin: 2026/05/25 20:00:50 [ERROR] connection error: unknown error Post "http://10.10.30.250:5985/wsman": dial tcp 10.10.30.250:5985: connect: connection refused
2026/05/25 20:00:50 packer-plugin-proxmox_v1.2.3_x5.0_linux_amd64 plugin: 2026/05/25 20:00:50 [ERROR] WinRM connection err: unknown error Post "http://10.10.30.250:5985/wsman": dial tcp 10.10.30.250:5985: connect: connection refused
2026/05/25 20:00:55 packer-plugin-proxmox_v1.2.3_x5.0_linux_amd64 plugin: 2026/05/25 20:00:55 [INFO] Attempting WinRM connection...
2026/05/25 20:00:55 packer-plugin-proxmox_v1.2.3_x5.0_linux_amd64 plugin: 2026/05/25 20:00:55 [DEBUG] connecting to remote shell using WinRM
2026/05/25 20:00:55 packer-plugin-proxmox_v1.2.3_x5.0_linux_amd64 plugin: 2026/05/25 20:00:55 [ERROR] connection error: unknown error Post "http://10.10.30.250:5985/wsman": dial tcp 10.10.30.250:5985: connect: connection refused
2026/05/25 20:00:55 packer-plugin-proxmox_v1.2.3_x5.0_linux_amd64 plugin: 2026/05/25 20:00:55 [ERROR] WinRM connection err: unknown error Post "http://10.10.30.250:5985/wsman": dial tcp 10.10.30.250:5985: connect: connection refused
2026/05/25 20:01:00 packer-plugin-proxmox_v1.2.3_x5.0_linux_amd64 plugin: 2026/05/25 20:01:00 [INFO] Attempting WinRM connection...
2026/05/25 20:01:00 packer-plugin-proxmox_v1.2.3_x5.0_linux_amd64 plugin: 2026/05/25 20:01:00 [DEBUG] connecting to remote shell using WinRM
2026/05/25 20:01:00 packer-plugin-proxmox_v1.2.3_x5.0_linux_amd64 plugin: 2026/05/25 20:01:00 [ERROR] connection error: unknown error Post "http://10.10.30.250:5985/wsman": dial tcp 10.10.30.250:5985: connect: connection refused
2026/05/25 20:01:00 packer-plugin-proxmox_v1.2.3_x5.0_linux_amd64 plugin: 2026/05/25 20:01:00 [ERROR] WinRM connection err: unknown error Post "http://10.10.30.250:5985/wsman": dial tcp 10.10.30.250:5985: connect: connection refused
2026/05/25 20:01:05 packer-plugin-proxmox_v1.2.3_x5.0_linux_amd64 plugin: 2026/05/25 20:01:05 [INFO] Attempting WinRM connection...
2026/05/25 20:01:05 packer-plugin-proxmox_v1.2.3_x5.0_linux_amd64 plugin: 2026/05/25 20:01:05 [DEBUG] connecting to remote shell using WinRM
2026/05/25 20:01:05 packer-plugin-proxmox_v1.2.3_x5.0_linux_amd64 plugin: 2026/05/25 20:01:05 [ERROR] connection error: unknown error Post "http://10.10.30.250:5985/wsman": dial tcp 10.10.30.250:5985: connect: connection refused
2026/05/25 20:01:05 packer-plugin-proxmox_v1.2.3_x5.0_linux_amd64 plugin: 2026/05/25 20:01:05 [ERROR] WinRM connection err: unknown error Post "http://10.10.30.250:5985/wsman": dial tcp 10.10.30.250:5985: connect: connection refused
2026/05/25 20:01:10 packer-plugin-proxmox_v1.2.3_x5.0_linux_amd64 plugin: 2026/05/25 20:01:10 [INFO] Attempting WinRM connection...
2026/05/25 20:01:10 packer-plugin-proxmox_v1.2.3_x5.0_linux_amd64 plugin: 2026/05/25 20:01:10 [DEBUG] connecting to remote shell using WinRM
2026/05/25 20:01:10 packer-plugin-proxmox_v1.2.3_x5.0_linux_amd64 plugin: 2026/05/25 20:01:10 [ERROR] connection error: unknown error Post "http://10.10.30.250:5985/wsman": dial tcp 10.10.30.250:5985: connect: connection refused
2026/05/25 20:01:10 packer-plugin-proxmox_v1.2.3_x5.0_linux_amd64 plugin: 2026/05/25 20:01:10 [ERROR] WinRM connection err: unknown error Post "http://10.10.30.250:5985/wsman": dial tcp 10.10.30.250:5985: connect: connection refused
2026/05/25 20:01:15 packer-plugin-proxmox_v1.2.3_x5.0_linux_amd64 plugin: 2026/05/25 20:01:15 [INFO] Attempting WinRM connection...
2026/05/25 20:01:15 packer-plugin-proxmox_v1.2.3_x5.0_linux_amd64 plugin: 2026/05/25 20:01:15 [DEBUG] connecting to remote shell using WinRM
2026/05/25 20:01:16 packer-plugin-proxmox_v1.2.3_x5.0_linux_amd64 plugin: 2026/05/25 20:01:16 [ERROR] connection error: unknown error Post "http://10.10.30.250:5985/wsman": dial tcp 10.10.30.250:5985: connect: connection refused
2026/05/25 20:01:16 packer-plugin-proxmox_v1.2.3_x5.0_linux_amd64 plugin: 2026/05/25 20:01:16 [ERROR] WinRM connection err: unknown error Post "http://10.10.30.250:5985/wsman": dial tcp 10.10.30.250:5985: connect: connection refused
2026/05/25 20:01:21 packer-plugin-proxmox_v1.2.3_x5.0_linux_amd64 plugin: 2026/05/25 20:01:21 [INFO] Attempting WinRM connection...
2026/05/25 20:01:21 packer-plugin-proxmox_v1.2.3_x5.0_linux_amd64 plugin: 2026/05/25 20:01:21 [DEBUG] connecting to remote shell using WinRM
2026/05/25 20:01:21 packer-plugin-proxmox_v1.2.3_x5.0_linux_amd64 plugin: 2026/05/25 20:01:21 [ERROR] connection error: unknown error Post "http://10.10.30.250:5985/wsman": dial tcp 10.10.30.250:5985: connect: connection refused
2026/05/25 20:01:21 packer-plugin-proxmox_v1.2.3_x5.0_linux_amd64 plugin: 2026/05/25 20:01:21 [ERROR] WinRM connection err: unknown error Post "http://10.10.30.250:5985/wsman": dial tcp 10.10.30.250:5985: connect: connection refused
2026/05/25 20:01:26 packer-plugin-proxmox_v1.2.3_x5.0_linux_amd64 plugin: 2026/05/25 20:01:26 [INFO] Attempting WinRM connection...
2026/05/25 20:01:26 packer-plugin-proxmox_v1.2.3_x5.0_linux_amd64 plugin: 2026/05/25 20:01:26 [DEBUG] connecting to remote shell using WinRM
2026/05/25 20:01:26 packer-plugin-proxmox_v1.2.3_x5.0_linux_amd64 plugin: 2026/05/25 20:01:26 [ERROR] connection error: unknown error Post "http://10.10.30.250:5985/wsman": dial tcp 10.10.30.250:5985: connect: connection refused
2026/05/25 20:01:26 packer-plugin-proxmox_v1.2.3_x5.0_linux_amd64 plugin: 2026/05/25 20:01:26 [ERROR] WinRM connection err: unknown error Post "http://10.10.30.250:5985/wsman": dial tcp 10.10.30.250:5985: connect: connection refused
2026/05/25 20:01:31 packer-plugin-proxmox_v1.2.3_x5.0_linux_amd64 plugin: 2026/05/25 20:01:31 [INFO] Attempting WinRM connection...
2026/05/25 20:01:31 packer-plugin-proxmox_v1.2.3_x5.0_linux_amd64 plugin: 2026/05/25 20:01:31 [DEBUG] connecting to remote shell using WinRM
2026/05/25 20:01:31 packer-plugin-proxmox_v1.2.3_x5.0_linux_amd64 plugin: 2026/05/25 20:01:31 [ERROR] connection error: unknown error Post "http://10.10.30.250:5985/wsman": dial tcp 10.10.30.250:5985: connect: connection refused
2026/05/25 20:01:31 packer-plugin-proxmox_v1.2.3_x5.0_linux_amd64 plugin: 2026/05/25 20:01:31 [ERROR] WinRM connection err: unknown error Post "http://10.10.30.250:5985/wsman": dial tcp 10.10.30.250:5985: connect: connection refused
2026/05/25 20:01:36 packer-plugin-proxmox_v1.2.3_x5.0_linux_amd64 plugin: 2026/05/25 20:01:36 [INFO] Attempting WinRM connection...
2026/05/25 20:01:36 packer-plugin-proxmox_v1.2.3_x5.0_linux_amd64 plugin: 2026/05/25 20:01:36 [DEBUG] connecting to remote shell using WinRM
2026/05/25 20:01:36 packer-plugin-proxmox_v1.2.3_x5.0_linux_amd64 plugin: 2026/05/25 20:01:36 [ERROR] connection error: unknown error Post "http://10.10.30.250:5985/wsman": dial tcp 10.10.30.250:5985: connect: connection refused
2026/05/25 20:01:36 packer-plugin-proxmox_v1.2.3_x5.0_linux_amd64 plugin: 2026/05/25 20:01:36 [ERROR] WinRM connection err: unknown error Post "http://10.10.30.250:5985/wsman": dial tcp 10.10.30.250:5985: connect: connection refused
2026/05/25 20:01:41 packer-plugin-proxmox_v1.2.3_x5.0_linux_amd64 plugin: 2026/05/25 20:01:41 [INFO] Attempting WinRM connection...
2026/05/25 20:01:41 packer-plugin-proxmox_v1.2.3_x5.0_linux_amd64 plugin: 2026/05/25 20:01:41 [DEBUG] connecting to remote shell using WinRM
2026/05/25 20:01:41 packer-plugin-proxmox_v1.2.3_x5.0_linux_amd64 plugin: 2026/05/25 20:01:41 [ERROR] connection error: unknown error Post "http://10.10.30.250:5985/wsman": dial tcp 10.10.30.250:5985: connect: connection refused
2026/05/25 20:01:41 packer-plugin-proxmox_v1.2.3_x5.0_linux_amd64 plugin: 2026/05/25 20:01:41 [ERROR] WinRM connection err: unknown error Post "http://10.10.30.250:5985/wsman": dial tcp 10.10.30.250:5985: connect: connection refused
2026/05/25 20:01:46 packer-plugin-proxmox_v1.2.3_x5.0_linux_amd64 plugin: 2026/05/25 20:01:46 [INFO] Attempting WinRM connection...
2026/05/25 20:01:46 packer-plugin-proxmox_v1.2.3_x5.0_linux_amd64 plugin: 2026/05/25 20:01:46 [DEBUG] connecting to remote shell using WinRM
2026/05/25 20:01:47 packer-plugin-proxmox_v1.2.3_x5.0_linux_amd64 plugin: 2026/05/25 20:01:47 [ERROR] connection error: unknown error Post "http://10.10.30.250:5985/wsman": dial tcp 10.10.30.250:5985: connect: connection refused
2026/05/25 20:01:47 packer-plugin-proxmox_v1.2.3_x5.0_linux_amd64 plugin: 2026/05/25 20:01:47 [ERROR] WinRM connection err: unknown error Post "http://10.10.30.250:5985/wsman": dial tcp 10.10.30.250:5985: connect: connection refused
2026/05/25 20:01:52 packer-plugin-proxmox_v1.2.3_x5.0_linux_amd64 plugin: 2026/05/25 20:01:52 [INFO] Attempting WinRM connection...
2026/05/25 20:01:52 packer-plugin-proxmox_v1.2.3_x5.0_linux_amd64 plugin: 2026/05/25 20:01:52 [DEBUG] connecting to remote shell using WinRM
2026/05/25 20:01:52 packer-plugin-proxmox_v1.2.3_x5.0_linux_amd64 plugin: 2026/05/25 20:01:52 [ERROR] connection error: unknown error Post "http://10.10.30.250:5985/wsman": dial tcp 10.10.30.250:5985: connect: connection refused
2026/05/25 20:01:52 packer-plugin-proxmox_v1.2.3_x5.0_linux_amd64 plugin: 2026/05/25 20:01:52 [ERROR] WinRM connection err: unknown error Post "http://10.10.30.250:5985/wsman": dial tcp 10.10.30.250:5985: connect: connection refused
2026/05/25 20:01:57 packer-plugin-proxmox_v1.2.3_x5.0_linux_amd64 plugin: 2026/05/25 20:01:57 [INFO] Attempting WinRM connection...
2026/05/25 20:01:57 packer-plugin-proxmox_v1.2.3_x5.0_linux_amd64 plugin: 2026/05/25 20:01:57 [DEBUG] connecting to remote shell using WinRM
2026/05/25 20:01:57 packer-plugin-proxmox_v1.2.3_x5.0_linux_amd64 plugin: 2026/05/25 20:01:57 [ERROR] connection error: unknown error Post "http://10.10.30.250:5985/wsman": dial tcp 10.10.30.250:5985: connect: connection refused
2026/05/25 20:01:57 packer-plugin-proxmox_v1.2.3_x5.0_linux_amd64 plugin: 2026/05/25 20:01:57 [ERROR] WinRM connection err: unknown error Post "http://10.10.30.250:5985/wsman": dial tcp 10.10.30.250:5985: connect: connection refused
2026/05/25 20:02:02 packer-plugin-proxmox_v1.2.3_x5.0_linux_amd64 plugin: 2026/05/25 20:02:02 [INFO] Attempting WinRM connection...
2026/05/25 20:02:02 packer-plugin-proxmox_v1.2.3_x5.0_linux_amd64 plugin: 2026/05/25 20:02:02 [DEBUG] connecting to remote shell using WinRM
2026/05/25 20:02:02 packer-plugin-proxmox_v1.2.3_x5.0_linux_amd64 plugin: 2026/05/25 20:02:02 [ERROR] connection error: unknown error Post "http://10.10.30.250:5985/wsman": dial tcp 10.10.30.250:5985: connect: connection refused
2026/05/25 20:02:02 packer-plugin-proxmox_v1.2.3_x5.0_linux_amd64 plugin: 2026/05/25 20:02:02 [ERROR] WinRM connection err: unknown error Post "http://10.10.30.250:5985/wsman": dial tcp 10.10.30.250:5985: connect: connection refused
2026/05/25 20:02:07 packer-plugin-proxmox_v1.2.3_x5.0_linux_amd64 plugin: 2026/05/25 20:02:07 [INFO] Attempting WinRM connection...
2026/05/25 20:02:07 packer-plugin-proxmox_v1.2.3_x5.0_linux_amd64 plugin: 2026/05/25 20:02:07 [DEBUG] connecting to remote shell using WinRM
2026/05/25 20:02:07 packer-plugin-proxmox_v1.2.3_x5.0_linux_amd64 plugin: 2026/05/25 20:02:07 [ERROR] connection error: unknown error Post "http://10.10.30.250:5985/wsman": dial tcp 10.10.30.250:5985: connect: connection refused
2026/05/25 20:02:07 packer-plugin-proxmox_v1.2.3_x5.0_linux_amd64 plugin: 2026/05/25 20:02:07 [ERROR] WinRM connection err: unknown error Post "http://10.10.30.250:5985/wsman": dial tcp 10.10.30.250:5985: connect: connection refused
2026/05/25 20:02:12 packer-plugin-proxmox_v1.2.3_x5.0_linux_amd64 plugin: 2026/05/25 20:02:12 [INFO] Attempting WinRM connection...
2026/05/25 20:02:12 packer-plugin-proxmox_v1.2.3_x5.0_linux_amd64 plugin: 2026/05/25 20:02:12 [DEBUG] connecting to remote shell using WinRM
2026/05/25 20:02:13 packer-plugin-proxmox_v1.2.3_x5.0_linux_amd64 plugin: 2026/05/25 20:02:13 [ERROR] connection error: unknown error Post "http://10.10.30.250:5985/wsman": dial tcp 10.10.30.250:5985: connect: connection refused
2026/05/25 20:02:13 packer-plugin-proxmox_v1.2.3_x5.0_linux_amd64 plugin: 2026/05/25 20:02:13 [ERROR] WinRM connection err: unknown error Post "http://10.10.30.250:5985/wsman": dial tcp 10.10.30.250:5985: connect: connection refused
2026/05/25 20:02:18 packer-plugin-proxmox_v1.2.3_x5.0_linux_amd64 plugin: 2026/05/25 20:02:18 [INFO] Attempting WinRM connection...
2026/05/25 20:02:18 packer-plugin-proxmox_v1.2.3_x5.0_linux_amd64 plugin: 2026/05/25 20:02:18 [DEBUG] connecting to remote shell using WinRM
2026/05/25 20:02:18 packer-plugin-proxmox_v1.2.3_x5.0_linux_amd64 plugin: 2026/05/25 20:02:18 [ERROR] connection error: unknown error Post "http://10.10.30.250:5985/wsman": dial tcp 10.10.30.250:5985: connect: connection refused
2026/05/25 20:02:18 packer-plugin-proxmox_v1.2.3_x5.0_linux_amd64 plugin: 2026/05/25 20:02:18 [ERROR] WinRM connection err: unknown error Post "http://10.10.30.250:5985/wsman": dial tcp 10.10.30.250:5985: connect: connection refused
2026/05/25 20:02:23 packer-plugin-proxmox_v1.2.3_x5.0_linux_amd64 plugin: 2026/05/25 20:02:23 [INFO] Attempting WinRM connection...
2026/05/25 20:02:23 packer-plugin-proxmox_v1.2.3_x5.0_linux_amd64 plugin: 2026/05/25 20:02:23 [DEBUG] connecting to remote shell using WinRM
2026/05/25 20:02:23 packer-plugin-proxmox_v1.2.3_x5.0_linux_amd64 plugin: 2026/05/25 20:02:23 [ERROR] connection error: unknown error Post "http://10.10.30.250:5985/wsman": dial tcp 10.10.30.250:5985: connect: connection refused
2026/05/25 20:02:23 packer-plugin-proxmox_v1.2.3_x5.0_linux_amd64 plugin: 2026/05/25 20:02:23 [ERROR] WinRM connection err: unknown error Post "http://10.10.30.250:5985/wsman": dial tcp 10.10.30.250:5985: connect: connection refused
2026/05/25 20:02:28 packer-plugin-proxmox_v1.2.3_x5.0_linux_amd64 plugin: 2026/05/25 20:02:28 [INFO] Attempting WinRM connection...
2026/05/25 20:02:28 packer-plugin-proxmox_v1.2.3_x5.0_linux_amd64 plugin: 2026/05/25 20:02:28 [DEBUG] connecting to remote shell using WinRM
2026/05/25 20:02:28 packer-plugin-proxmox_v1.2.3_x5.0_linux_amd64 plugin: 2026/05/25 20:02:28 [ERROR] connection error: unknown error Post "http://10.10.30.250:5985/wsman": dial tcp 10.10.30.250:5985: connect: connection refused
2026/05/25 20:02:28 packer-plugin-proxmox_v1.2.3_x5.0_linux_amd64 plugin: 2026/05/25 20:02:28 [ERROR] WinRM connection err: unknown error Post "http://10.10.30.250:5985/wsman": dial tcp 10.10.30.250:5985: connect: connection refused
2026/05/25 20:02:33 packer-plugin-proxmox_v1.2.3_x5.0_linux_amd64 plugin: 2026/05/25 20:02:33 [INFO] Attempting WinRM connection...
2026/05/25 20:02:33 packer-plugin-proxmox_v1.2.3_x5.0_linux_amd64 plugin: 2026/05/25 20:02:33 [DEBUG] connecting to remote shell using WinRM
2026/05/25 20:02:33 packer-plugin-proxmox_v1.2.3_x5.0_linux_amd64 plugin: 2026/05/25 20:02:33 [ERROR] connection error: unknown error Post "http://10.10.30.250:5985/wsman": dial tcp 10.10.30.250:5985: connect: connection refused
2026/05/25 20:02:33 packer-plugin-proxmox_v1.2.3_x5.0_linux_amd64 plugin: 2026/05/25 20:02:33 [ERROR] WinRM connection err: unknown error Post "http://10.10.30.250:5985/wsman": dial tcp 10.10.30.250:5985: connect: connection refused
2026/05/25 20:02:38 packer-plugin-proxmox_v1.2.3_x5.0_linux_amd64 plugin: 2026/05/25 20:02:38 [INFO] Attempting WinRM connection...
2026/05/25 20:02:38 packer-plugin-proxmox_v1.2.3_x5.0_linux_amd64 plugin: 2026/05/25 20:02:38 [DEBUG] connecting to remote shell using WinRM
2026/05/25 20:02:38 packer-plugin-proxmox_v1.2.3_x5.0_linux_amd64 plugin: 2026/05/25 20:02:38 [ERROR] connection error: unknown error Post "http://10.10.30.250:5985/wsman": dial tcp 10.10.30.250:5985: connect: connection refused
2026/05/25 20:02:38 packer-plugin-proxmox_v1.2.3_x5.0_linux_amd64 plugin: 2026/05/25 20:02:38 [ERROR] WinRM connection err: unknown error Post "http://10.10.30.250:5985/wsman": dial tcp 10.10.30.250:5985: connect: connection refused
2026/05/25 20:02:43 packer-plugin-proxmox_v1.2.3_x5.0_linux_amd64 plugin: 2026/05/25 20:02:43 [INFO] Attempting WinRM connection...
2026/05/25 20:02:43 packer-plugin-proxmox_v1.2.3_x5.0_linux_amd64 plugin: 2026/05/25 20:02:43 [DEBUG] connecting to remote shell using WinRM
2026/05/25 20:02:44 packer-plugin-proxmox_v1.2.3_x5.0_linux_amd64 plugin: 2026/05/25 20:02:44 [ERROR] connection error: unknown error Post "http://10.10.30.250:5985/wsman": dial tcp 10.10.30.250:5985: connect: connection refused
2026/05/25 20:02:44 packer-plugin-proxmox_v1.2.3_x5.0_linux_amd64 plugin: 2026/05/25 20:02:44 [ERROR] WinRM connection err: unknown error Post "http://10.10.30.250:5985/wsman": dial tcp 10.10.30.250:5985: connect: connection refused
2026/05/25 20:02:49 packer-plugin-proxmox_v1.2.3_x5.0_linux_amd64 plugin: 2026/05/25 20:02:49 [INFO] Attempting WinRM connection...
2026/05/25 20:02:49 packer-plugin-proxmox_v1.2.3_x5.0_linux_amd64 plugin: 2026/05/25 20:02:49 [DEBUG] connecting to remote shell using WinRM
2026/05/25 20:02:49 packer-plugin-proxmox_v1.2.3_x5.0_linux_amd64 plugin: 2026/05/25 20:02:49 [ERROR] connection error: unknown error Post "http://10.10.30.250:5985/wsman": dial tcp 10.10.30.250:5985: connect: connection refused
2026/05/25 20:02:49 packer-plugin-proxmox_v1.2.3_x5.0_linux_amd64 plugin: 2026/05/25 20:02:49 [ERROR] WinRM connection err: unknown error Post "http://10.10.30.250:5985/wsman": dial tcp 10.10.30.250:5985: connect: connection refused
2026/05/25 20:02:54 packer-plugin-proxmox_v1.2.3_x5.0_linux_amd64 plugin: 2026/05/25 20:02:54 [INFO] Attempting WinRM connection...
2026/05/25 20:02:54 packer-plugin-proxmox_v1.2.3_x5.0_linux_amd64 plugin: 2026/05/25 20:02:54 [DEBUG] connecting to remote shell using WinRM
2026/05/25 20:02:54 packer-plugin-proxmox_v1.2.3_x5.0_linux_amd64 plugin: 2026/05/25 20:02:54 [ERROR] connection error: unknown error Post "http://10.10.30.250:5985/wsman": dial tcp 10.10.30.250:5985: connect: connection refused
2026/05/25 20:02:54 packer-plugin-proxmox_v1.2.3_x5.0_linux_amd64 plugin: 2026/05/25 20:02:54 [ERROR] WinRM connection err: unknown error Post "http://10.10.30.250:5985/wsman": dial tcp 10.10.30.250:5985: connect: connection refused
2026/05/25 20:02:59 packer-plugin-proxmox_v1.2.3_x5.0_linux_amd64 plugin: 2026/05/25 20:02:59 [INFO] Attempting WinRM connection...
2026/05/25 20:02:59 packer-plugin-proxmox_v1.2.3_x5.0_linux_amd64 plugin: 2026/05/25 20:02:59 [DEBUG] connecting to remote shell using WinRM
2026/05/25 20:02:59 packer-plugin-proxmox_v1.2.3_x5.0_linux_amd64 plugin: 2026/05/25 20:02:59 [ERROR] connection error: unknown error Post "http://10.10.30.250:5985/wsman": dial tcp 10.10.30.250:5985: connect: connection refused
2026/05/25 20:02:59 packer-plugin-proxmox_v1.2.3_x5.0_linux_amd64 plugin: 2026/05/25 20:02:59 [ERROR] WinRM connection err: unknown error Post "http://10.10.30.250:5985/wsman": dial tcp 10.10.30.250:5985: connect: connection refused
2026/05/25 20:03:04 packer-plugin-proxmox_v1.2.3_x5.0_linux_amd64 plugin: 2026/05/25 20:03:04 [INFO] Attempting WinRM connection...
2026/05/25 20:03:04 packer-plugin-proxmox_v1.2.3_x5.0_linux_amd64 plugin: 2026/05/25 20:03:04 [DEBUG] connecting to remote shell using WinRM
2026/05/25 20:03:04 packer-plugin-proxmox_v1.2.3_x5.0_linux_amd64 plugin: 2026/05/25 20:03:04 [ERROR] connection error: unknown error Post "http://10.10.30.250:5985/wsman": dial tcp 10.10.30.250:5985: connect: connection refused
2026/05/25 20:03:04 packer-plugin-proxmox_v1.2.3_x5.0_linux_amd64 plugin: 2026/05/25 20:03:04 [ERROR] WinRM connection err: unknown error Post "http://10.10.30.250:5985/wsman": dial tcp 10.10.30.250:5985: connect: connection refused
2026/05/25 20:03:09 packer-plugin-proxmox_v1.2.3_x5.0_linux_amd64 plugin: 2026/05/25 20:03:09 [INFO] Attempting WinRM connection...
2026/05/25 20:03:09 packer-plugin-proxmox_v1.2.3_x5.0_linux_amd64 plugin: 2026/05/25 20:03:09 [DEBUG] connecting to remote shell using WinRM
2026/05/25 20:03:09 packer-plugin-proxmox_v1.2.3_x5.0_linux_amd64 plugin: 2026/05/25 20:03:09 [ERROR] connection error: unknown error Post "http://10.10.30.250:5985/wsman": dial tcp 10.10.30.250:5985: connect: connection refused
2026/05/25 20:03:09 packer-plugin-proxmox_v1.2.3_x5.0_linux_amd64 plugin: 2026/05/25 20:03:09 [ERROR] WinRM connection err: unknown error Post "http://10.10.30.250:5985/wsman": dial tcp 10.10.30.250:5985: connect: connection refused
2026/05/25 20:03:14 packer-plugin-proxmox_v1.2.3_x5.0_linux_amd64 plugin: 2026/05/25 20:03:14 [INFO] Attempting WinRM connection...
2026/05/25 20:03:14 packer-plugin-proxmox_v1.2.3_x5.0_linux_amd64 plugin: 2026/05/25 20:03:14 [DEBUG] connecting to remote shell using WinRM
2026/05/25 20:03:15 packer-plugin-proxmox_v1.2.3_x5.0_linux_amd64 plugin: 2026/05/25 20:03:15 [ERROR] connection error: unknown error Post "http://10.10.30.250:5985/wsman": dial tcp 10.10.30.250:5985: connect: connection refused
2026/05/25 20:03:15 packer-plugin-proxmox_v1.2.3_x5.0_linux_amd64 plugin: 2026/05/25 20:03:15 [ERROR] WinRM connection err: unknown error Post "http://10.10.30.250:5985/wsman": dial tcp 10.10.30.250:5985: connect: connection refused
2026/05/25 20:03:20 packer-plugin-proxmox_v1.2.3_x5.0_linux_amd64 plugin: 2026/05/25 20:03:20 [INFO] Attempting WinRM connection...
2026/05/25 20:03:20 packer-plugin-proxmox_v1.2.3_x5.0_linux_amd64 plugin: 2026/05/25 20:03:20 [DEBUG] connecting to remote shell using WinRM
2026/05/25 20:03:20 packer-plugin-proxmox_v1.2.3_x5.0_linux_amd64 plugin: 2026/05/25 20:03:20 [ERROR] connection error: unknown error Post "http://10.10.30.250:5985/wsman": dial tcp 10.10.30.250:5985: connect: connection refused
2026/05/25 20:03:20 packer-plugin-proxmox_v1.2.3_x5.0_linux_amd64 plugin: 2026/05/25 20:03:20 [ERROR] WinRM connection err: unknown error Post "http://10.10.30.250:5985/wsman": dial tcp 10.10.30.250:5985: connect: connection refused
2026/05/25 20:03:25 packer-plugin-proxmox_v1.2.3_x5.0_linux_amd64 plugin: 2026/05/25 20:03:25 [INFO] Attempting WinRM connection...
2026/05/25 20:03:25 packer-plugin-proxmox_v1.2.3_x5.0_linux_amd64 plugin: 2026/05/25 20:03:25 [DEBUG] connecting to remote shell using WinRM
2026/05/25 20:03:25 packer-plugin-proxmox_v1.2.3_x5.0_linux_amd64 plugin: 2026/05/25 20:03:25 [ERROR] connection error: unknown error Post "http://10.10.30.250:5985/wsman": dial tcp 10.10.30.250:5985: connect: connection refused
2026/05/25 20:03:25 packer-plugin-proxmox_v1.2.3_x5.0_linux_amd64 plugin: 2026/05/25 20:03:25 [ERROR] WinRM connection err: unknown error Post "http://10.10.30.250:5985/wsman": dial tcp 10.10.30.250:5985: connect: connection refused
2026/05/25 20:03:30 packer-plugin-proxmox_v1.2.3_x5.0_linux_amd64 plugin: 2026/05/25 20:03:30 [INFO] Attempting WinRM connection...
2026/05/25 20:03:30 packer-plugin-proxmox_v1.2.3_x5.0_linux_amd64 plugin: 2026/05/25 20:03:30 [DEBUG] connecting to remote shell using WinRM
2026/05/25 20:03:30 packer-plugin-proxmox_v1.2.3_x5.0_linux_amd64 plugin: 2026/05/25 20:03:30 [ERROR] connection error: unknown error Post "http://10.10.30.250:5985/wsman": dial tcp 10.10.30.250:5985: connect: connection refused
2026/05/25 20:03:30 packer-plugin-proxmox_v1.2.3_x5.0_linux_amd64 plugin: 2026/05/25 20:03:30 [ERROR] WinRM connection err: unknown error Post "http://10.10.30.250:5985/wsman": dial tcp 10.10.30.250:5985: connect: connection refused
2026/05/25 20:03:35 packer-plugin-proxmox_v1.2.3_x5.0_linux_amd64 plugin: 2026/05/25 20:03:35 [INFO] Attempting WinRM connection...
2026/05/25 20:03:35 packer-plugin-proxmox_v1.2.3_x5.0_linux_amd64 plugin: 2026/05/25 20:03:35 [DEBUG] connecting to remote shell using WinRM
2026/05/25 20:03:35 packer-plugin-proxmox_v1.2.3_x5.0_linux_amd64 plugin: 2026/05/25 20:03:35 [ERROR] connection error: unknown error Post "http://10.10.30.250:5985/wsman": dial tcp 10.10.30.250:5985: connect: connection refused
2026/05/25 20:03:35 packer-plugin-proxmox_v1.2.3_x5.0_linux_amd64 plugin: 2026/05/25 20:03:35 [ERROR] WinRM connection err: unknown error Post "http://10.10.30.250:5985/wsman": dial tcp 10.10.30.250:5985: connect: connection refused
2026/05/25 20:03:40 packer-plugin-proxmox_v1.2.3_x5.0_linux_amd64 plugin: 2026/05/25 20:03:40 [INFO] Attempting WinRM connection...
2026/05/25 20:03:40 packer-plugin-proxmox_v1.2.3_x5.0_linux_amd64 plugin: 2026/05/25 20:03:40 [DEBUG] connecting to remote shell using WinRM
2026/05/25 20:03:41 packer-plugin-proxmox_v1.2.3_x5.0_linux_amd64 plugin: 2026/05/25 20:03:41 [ERROR] connection error: unknown error Post "http://10.10.30.250:5985/wsman": dial tcp 10.10.30.250:5985: connect: connection refused
2026/05/25 20:03:41 packer-plugin-proxmox_v1.2.3_x5.0_linux_amd64 plugin: 2026/05/25 20:03:41 [ERROR] WinRM connection err: unknown error Post "http://10.10.30.250:5985/wsman": dial tcp 10.10.30.250:5985: connect: connection refused
2026/05/25 20:03:46 packer-plugin-proxmox_v1.2.3_x5.0_linux_amd64 plugin: 2026/05/25 20:03:46 [INFO] Attempting WinRM connection...
2026/05/25 20:03:46 packer-plugin-proxmox_v1.2.3_x5.0_linux_amd64 plugin: 2026/05/25 20:03:46 [DEBUG] connecting to remote shell using WinRM
2026/05/25 20:03:46 packer-plugin-proxmox_v1.2.3_x5.0_linux_amd64 plugin: 2026/05/25 20:03:46 [ERROR] connection error: unknown error Post "http://10.10.30.250:5985/wsman": dial tcp 10.10.30.250:5985: connect: connection refused
2026/05/25 20:03:46 packer-plugin-proxmox_v1.2.3_x5.0_linux_amd64 plugin: 2026/05/25 20:03:46 [ERROR] WinRM connection err: unknown error Post "http://10.10.30.250:5985/wsman": dial tcp 10.10.30.250:5985: connect: connection refused
2026/05/25 20:03:51 packer-plugin-proxmox_v1.2.3_x5.0_linux_amd64 plugin: 2026/05/25 20:03:51 [INFO] Attempting WinRM connection...
2026/05/25 20:03:51 packer-plugin-proxmox_v1.2.3_x5.0_linux_amd64 plugin: 2026/05/25 20:03:51 [DEBUG] connecting to remote shell using WinRM
2026/05/25 20:03:51 packer-plugin-proxmox_v1.2.3_x5.0_linux_amd64 plugin: 2026/05/25 20:03:51 [ERROR] connection error: unknown error Post "http://10.10.30.250:5985/wsman": dial tcp 10.10.30.250:5985: connect: connection refused
2026/05/25 20:03:51 packer-plugin-proxmox_v1.2.3_x5.0_linux_amd64 plugin: 2026/05/25 20:03:51 [ERROR] WinRM connection err: unknown error Post "http://10.10.30.250:5985/wsman": dial tcp 10.10.30.250:5985: connect: connection refused
2026/05/25 20:03:56 packer-plugin-proxmox_v1.2.3_x5.0_linux_amd64 plugin: 2026/05/25 20:03:56 [INFO] Attempting WinRM connection...
2026/05/25 20:03:56 packer-plugin-proxmox_v1.2.3_x5.0_linux_amd64 plugin: 2026/05/25 20:03:56 [DEBUG] connecting to remote shell using WinRM
2026/05/25 20:03:56 packer-plugin-proxmox_v1.2.3_x5.0_linux_amd64 plugin: 2026/05/25 20:03:56 [ERROR] connection error: unknown error Post "http://10.10.30.250:5985/wsman": dial tcp 10.10.30.250:5985: connect: connection refused
2026/05/25 20:03:56 packer-plugin-proxmox_v1.2.3_x5.0_linux_amd64 plugin: 2026/05/25 20:03:56 [ERROR] WinRM connection err: unknown error Post "http://10.10.30.250:5985/wsman": dial tcp 10.10.30.250:5985: connect: connection refused
2026/05/25 20:04:01 packer-plugin-proxmox_v1.2.3_x5.0_linux_amd64 plugin: 2026/05/25 20:04:01 [INFO] Attempting WinRM connection...
2026/05/25 20:04:01 packer-plugin-proxmox_v1.2.3_x5.0_linux_amd64 plugin: 2026/05/25 20:04:01 [DEBUG] connecting to remote shell using WinRM
2026/05/25 20:04:01 packer-plugin-proxmox_v1.2.3_x5.0_linux_amd64 plugin: 2026/05/25 20:04:01 [ERROR] connection error: unknown error Post "http://10.10.30.250:5985/wsman": dial tcp 10.10.30.250:5985: connect: connection refused
2026/05/25 20:04:01 packer-plugin-proxmox_v1.2.3_x5.0_linux_amd64 plugin: 2026/05/25 20:04:01 [ERROR] WinRM connection err: unknown error Post "http://10.10.30.250:5985/wsman": dial tcp 10.10.30.250:5985: connect: connection refused
2026/05/25 20:04:06 packer-plugin-proxmox_v1.2.3_x5.0_linux_amd64 plugin: 2026/05/25 20:04:06 [INFO] Attempting WinRM connection...
2026/05/25 20:04:06 packer-plugin-proxmox_v1.2.3_x5.0_linux_amd64 plugin: 2026/05/25 20:04:06 [DEBUG] connecting to remote shell using WinRM
2026/05/25 20:04:06 packer-plugin-proxmox_v1.2.3_x5.0_linux_amd64 plugin: 2026/05/25 20:04:06 [ERROR] connection error: unknown error Post "http://10.10.30.250:5985/wsman": dial tcp 10.10.30.250:5985: connect: connection refused
2026/05/25 20:04:06 packer-plugin-proxmox_v1.2.3_x5.0_linux_amd64 plugin: 2026/05/25 20:04:06 [ERROR] WinRM connection err: unknown error Post "http://10.10.30.250:5985/wsman": dial tcp 10.10.30.250:5985: connect: connection refused
2026/05/25 20:04:11 packer-plugin-proxmox_v1.2.3_x5.0_linux_amd64 plugin: 2026/05/25 20:04:11 [INFO] Attempting WinRM connection...
2026/05/25 20:04:11 packer-plugin-proxmox_v1.2.3_x5.0_linux_amd64 plugin: 2026/05/25 20:04:11 [DEBUG] connecting to remote shell using WinRM
2026/05/25 20:04:12 packer-plugin-proxmox_v1.2.3_x5.0_linux_amd64 plugin: 2026/05/25 20:04:12 [ERROR] connection error: unknown error Post "http://10.10.30.250:5985/wsman": dial tcp 10.10.30.250:5985: connect: connection refused
2026/05/25 20:04:12 packer-plugin-proxmox_v1.2.3_x5.0_linux_amd64 plugin: 2026/05/25 20:04:12 [ERROR] WinRM connection err: unknown error Post "http://10.10.30.250:5985/wsman": dial tcp 10.10.30.250:5985: connect: connection refused
2026/05/25 20:04:17 packer-plugin-proxmox_v1.2.3_x5.0_linux_amd64 plugin: 2026/05/25 20:04:17 [INFO] Attempting WinRM connection...
2026/05/25 20:04:17 packer-plugin-proxmox_v1.2.3_x5.0_linux_amd64 plugin: 2026/05/25 20:04:17 [DEBUG] connecting to remote shell using WinRM
2026/05/25 20:04:17 packer-plugin-proxmox_v1.2.3_x5.0_linux_amd64 plugin: 2026/05/25 20:04:17 [ERROR] connection error: unknown error Post "http://10.10.30.250:5985/wsman": dial tcp 10.10.30.250:5985: connect: connection refused
2026/05/25 20:04:17 packer-plugin-proxmox_v1.2.3_x5.0_linux_amd64 plugin: 2026/05/25 20:04:17 [ERROR] WinRM connection err: unknown error Post "http://10.10.30.250:5985/wsman": dial tcp 10.10.30.250:5985: connect: connection refused
2026/05/25 20:04:22 packer-plugin-proxmox_v1.2.3_x5.0_linux_amd64 plugin: 2026/05/25 20:04:22 [INFO] Attempting WinRM connection...
2026/05/25 20:04:22 packer-plugin-proxmox_v1.2.3_x5.0_linux_amd64 plugin: 2026/05/25 20:04:22 [DEBUG] connecting to remote shell using WinRM
2026/05/25 20:04:22 packer-plugin-proxmox_v1.2.3_x5.0_linux_amd64 plugin: 2026/05/25 20:04:22 [ERROR] connection error: unknown error Post "http://10.10.30.250:5985/wsman": dial tcp 10.10.30.250:5985: connect: connection refused
2026/05/25 20:04:22 packer-plugin-proxmox_v1.2.3_x5.0_linux_amd64 plugin: 2026/05/25 20:04:22 [ERROR] WinRM connection err: unknown error Post "http://10.10.30.250:5985/wsman": dial tcp 10.10.30.250:5985: connect: connection refused
2026/05/25 20:04:27 packer-plugin-proxmox_v1.2.3_x5.0_linux_amd64 plugin: 2026/05/25 20:04:27 [INFO] Attempting WinRM connection...
2026/05/25 20:04:27 packer-plugin-proxmox_v1.2.3_x5.0_linux_amd64 plugin: 2026/05/25 20:04:27 [DEBUG] connecting to remote shell using WinRM
2026/05/25 20:04:27 packer-plugin-proxmox_v1.2.3_x5.0_linux_amd64 plugin: 2026/05/25 20:04:27 [ERROR] connection error: unknown error Post "http://10.10.30.250:5985/wsman": dial tcp 10.10.30.250:5985: connect: connection refused
2026/05/25 20:04:27 packer-plugin-proxmox_v1.2.3_x5.0_linux_amd64 plugin: 2026/05/25 20:04:27 [ERROR] WinRM connection err: unknown error Post "http://10.10.30.250:5985/wsman": dial tcp 10.10.30.250:5985: connect: connection refused
2026/05/25 20:04:32 packer-plugin-proxmox_v1.2.3_x5.0_linux_amd64 plugin: 2026/05/25 20:04:32 [INFO] Attempting WinRM connection...
2026/05/25 20:04:32 packer-plugin-proxmox_v1.2.3_x5.0_linux_amd64 plugin: 2026/05/25 20:04:32 [DEBUG] connecting to remote shell using WinRM
2026/05/25 20:04:32 packer-plugin-proxmox_v1.2.3_x5.0_linux_amd64 plugin: 2026/05/25 20:04:32 [ERROR] connection error: unknown error Post "http://10.10.30.250:5985/wsman": dial tcp 10.10.30.250:5985: connect: connection refused
2026/05/25 20:04:32 packer-plugin-proxmox_v1.2.3_x5.0_linux_amd64 plugin: 2026/05/25 20:04:32 [ERROR] WinRM connection err: unknown error Post "http://10.10.30.250:5985/wsman": dial tcp 10.10.30.250:5985: connect: connection refused
2026/05/25 20:04:37 packer-plugin-proxmox_v1.2.3_x5.0_linux_amd64 plugin: 2026/05/25 20:04:37 [INFO] Attempting WinRM connection...
2026/05/25 20:04:37 packer-plugin-proxmox_v1.2.3_x5.0_linux_amd64 plugin: 2026/05/25 20:04:37 [DEBUG] connecting to remote shell using WinRM
2026/05/25 20:04:37 packer-plugin-proxmox_v1.2.3_x5.0_linux_amd64 plugin: 2026/05/25 20:04:37 [ERROR] connection error: unknown error Post "http://10.10.30.250:5985/wsman": dial tcp 10.10.30.250:5985: connect: connection refused
2026/05/25 20:04:37 packer-plugin-proxmox_v1.2.3_x5.0_linux_amd64 plugin: 2026/05/25 20:04:37 [ERROR] WinRM connection err: unknown error Post "http://10.10.30.250:5985/wsman": dial tcp 10.10.30.250:5985: connect: connection refused
2026/05/25 20:04:42 packer-plugin-proxmox_v1.2.3_x5.0_linux_amd64 plugin: 2026/05/25 20:04:42 [INFO] Attempting WinRM connection...
2026/05/25 20:04:42 packer-plugin-proxmox_v1.2.3_x5.0_linux_amd64 plugin: 2026/05/25 20:04:42 [DEBUG] connecting to remote shell using WinRM
2026/05/25 20:04:43 packer-plugin-proxmox_v1.2.3_x5.0_linux_amd64 plugin: 2026/05/25 20:04:43 [ERROR] connection error: unknown error Post "http://10.10.30.250:5985/wsman": dial tcp 10.10.30.250:5985: connect: connection refused
2026/05/25 20:04:43 packer-plugin-proxmox_v1.2.3_x5.0_linux_amd64 plugin: 2026/05/25 20:04:43 [ERROR] WinRM connection err: unknown error Post "http://10.10.30.250:5985/wsman": dial tcp 10.10.30.250:5985: connect: connection refused
2026/05/25 20:04:48 packer-plugin-proxmox_v1.2.3_x5.0_linux_amd64 plugin: 2026/05/25 20:04:48 [INFO] Attempting WinRM connection...
2026/05/25 20:04:48 packer-plugin-proxmox_v1.2.3_x5.0_linux_amd64 plugin: 2026/05/25 20:04:48 [DEBUG] connecting to remote shell using WinRM
2026/05/25 20:04:48 packer-plugin-proxmox_v1.2.3_x5.0_linux_amd64 plugin: 2026/05/25 20:04:48 [ERROR] connection error: unknown error Post "http://10.10.30.250:5985/wsman": dial tcp 10.10.30.250:5985: connect: connection refused
2026/05/25 20:04:48 packer-plugin-proxmox_v1.2.3_x5.0_linux_amd64 plugin: 2026/05/25 20:04:48 [ERROR] WinRM connection err: unknown error Post "http://10.10.30.250:5985/wsman": dial tcp 10.10.30.250:5985: connect: connection refused
2026/05/25 20:04:53 packer-plugin-proxmox_v1.2.3_x5.0_linux_amd64 plugin: 2026/05/25 20:04:53 [INFO] Attempting WinRM connection...
2026/05/25 20:04:53 packer-plugin-proxmox_v1.2.3_x5.0_linux_amd64 plugin: 2026/05/25 20:04:53 [DEBUG] connecting to remote shell using WinRM
2026/05/25 20:04:53 packer-plugin-proxmox_v1.2.3_x5.0_linux_amd64 plugin: 2026/05/25 20:04:53 [ERROR] connection error: unknown error Post "http://10.10.30.250:5985/wsman": dial tcp 10.10.30.250:5985: connect: connection refused
2026/05/25 20:04:53 packer-plugin-proxmox_v1.2.3_x5.0_linux_amd64 plugin: 2026/05/25 20:04:53 [ERROR] WinRM connection err: unknown error Post "http://10.10.30.250:5985/wsman": dial tcp 10.10.30.250:5985: connect: connection refused
2026/05/25 20:04:58 packer-plugin-proxmox_v1.2.3_x5.0_linux_amd64 plugin: 2026/05/25 20:04:58 [INFO] Attempting WinRM connection...
2026/05/25 20:04:58 packer-plugin-proxmox_v1.2.3_x5.0_linux_amd64 plugin: 2026/05/25 20:04:58 [DEBUG] connecting to remote shell using WinRM
2026/05/25 20:04:58 packer-plugin-proxmox_v1.2.3_x5.0_linux_amd64 plugin: 2026/05/25 20:04:58 [ERROR] connection error: unknown error Post "http://10.10.30.250:5985/wsman": dial tcp 10.10.30.250:5985: connect: connection refused
2026/05/25 20:04:58 packer-plugin-proxmox_v1.2.3_x5.0_linux_amd64 plugin: 2026/05/25 20:04:58 [ERROR] WinRM connection err: unknown error Post "http://10.10.30.250:5985/wsman": dial tcp 10.10.30.250:5985: connect: connection refused
2026/05/25 20:05:03 packer-plugin-proxmox_v1.2.3_x5.0_linux_amd64 plugin: 2026/05/25 20:05:03 [INFO] Attempting WinRM connection...
2026/05/25 20:05:03 packer-plugin-proxmox_v1.2.3_x5.0_linux_amd64 plugin: 2026/05/25 20:05:03 [DEBUG] connecting to remote shell using WinRM
2026/05/25 20:05:03 packer-plugin-proxmox_v1.2.3_x5.0_linux_amd64 plugin: 2026/05/25 20:05:03 [ERROR] connection error: unknown error Post "http://10.10.30.250:5985/wsman": dial tcp 10.10.30.250:5985: connect: connection refused
2026/05/25 20:05:03 packer-plugin-proxmox_v1.2.3_x5.0_linux_amd64 plugin: 2026/05/25 20:05:03 [ERROR] WinRM connection err: unknown error Post "http://10.10.30.250:5985/wsman": dial tcp 10.10.30.250:5985: connect: connection refused
2026/05/25 20:05:08 packer-plugin-proxmox_v1.2.3_x5.0_linux_amd64 plugin: 2026/05/25 20:05:08 [INFO] Attempting WinRM connection...
2026/05/25 20:05:08 packer-plugin-proxmox_v1.2.3_x5.0_linux_amd64 plugin: 2026/05/25 20:05:08 [DEBUG] connecting to remote shell using WinRM
2026/05/25 20:05:08 packer-plugin-proxmox_v1.2.3_x5.0_linux_amd64 plugin: 2026/05/25 20:05:08 [ERROR] connection error: unknown error Post "http://10.10.30.250:5985/wsman": dial tcp 10.10.30.250:5985: connect: connection refused
2026/05/25 20:05:08 packer-plugin-proxmox_v1.2.3_x5.0_linux_amd64 plugin: 2026/05/25 20:05:08 [ERROR] WinRM connection err: unknown error Post "http://10.10.30.250:5985/wsman": dial tcp 10.10.30.250:5985: connect: connection refused
2026/05/25 20:05:13 packer-plugin-proxmox_v1.2.3_x5.0_linux_amd64 plugin: 2026/05/25 20:05:13 [INFO] Attempting WinRM connection...
2026/05/25 20:05:13 packer-plugin-proxmox_v1.2.3_x5.0_linux_amd64 plugin: 2026/05/25 20:05:13 [DEBUG] connecting to remote shell using WinRM
2026/05/25 20:05:14 packer-plugin-proxmox_v1.2.3_x5.0_linux_amd64 plugin: 2026/05/25 20:05:14 [ERROR] connection error: unknown error Post "http://10.10.30.250:5985/wsman": dial tcp 10.10.30.250:5985: connect: connection refused
2026/05/25 20:05:14 packer-plugin-proxmox_v1.2.3_x5.0_linux_amd64 plugin: 2026/05/25 20:05:14 [ERROR] WinRM connection err: unknown error Post "http://10.10.30.250:5985/wsman": dial tcp 10.10.30.250:5985: connect: connection refused
2026/05/25 20:05:19 packer-plugin-proxmox_v1.2.3_x5.0_linux_amd64 plugin: 2026/05/25 20:05:19 [INFO] Attempting WinRM connection...
2026/05/25 20:05:19 packer-plugin-proxmox_v1.2.3_x5.0_linux_amd64 plugin: 2026/05/25 20:05:19 [DEBUG] connecting to remote shell using WinRM
2026/05/25 20:05:19 packer-plugin-proxmox_v1.2.3_x5.0_linux_amd64 plugin: 2026/05/25 20:05:19 [ERROR] connection error: unknown error Post "http://10.10.30.250:5985/wsman": dial tcp 10.10.30.250:5985: connect: connection refused
2026/05/25 20:05:19 packer-plugin-proxmox_v1.2.3_x5.0_linux_amd64 plugin: 2026/05/25 20:05:19 [ERROR] WinRM connection err: unknown error Post "http://10.10.30.250:5985/wsman": dial tcp 10.10.30.250:5985: connect: connection refused
2026/05/25 20:05:24 packer-plugin-proxmox_v1.2.3_x5.0_linux_amd64 plugin: 2026/05/25 20:05:24 [INFO] Attempting WinRM connection...
2026/05/25 20:05:24 packer-plugin-proxmox_v1.2.3_x5.0_linux_amd64 plugin: 2026/05/25 20:05:24 [DEBUG] connecting to remote shell using WinRM
2026/05/25 20:05:24 packer-plugin-proxmox_v1.2.3_x5.0_linux_amd64 plugin: 2026/05/25 20:05:24 [ERROR] connection error: unknown error Post "http://10.10.30.250:5985/wsman": dial tcp 10.10.30.250:5985: connect: connection refused
2026/05/25 20:05:24 packer-plugin-proxmox_v1.2.3_x5.0_linux_amd64 plugin: 2026/05/25 20:05:24 [ERROR] WinRM connection err: unknown error Post "http://10.10.30.250:5985/wsman": dial tcp 10.10.30.250:5985: connect: connection refused
2026/05/25 20:05:29 packer-plugin-proxmox_v1.2.3_x5.0_linux_amd64 plugin: 2026/05/25 20:05:29 [INFO] Attempting WinRM connection...
2026/05/25 20:05:29 packer-plugin-proxmox_v1.2.3_x5.0_linux_amd64 plugin: 2026/05/25 20:05:29 [DEBUG] connecting to remote shell using WinRM
2026/05/25 20:05:29 packer-plugin-proxmox_v1.2.3_x5.0_linux_amd64 plugin: 2026/05/25 20:05:29 [ERROR] connection error: unknown error Post "http://10.10.30.250:5985/wsman": dial tcp 10.10.30.250:5985: connect: connection refused
2026/05/25 20:05:29 packer-plugin-proxmox_v1.2.3_x5.0_linux_amd64 plugin: 2026/05/25 20:05:29 [ERROR] WinRM connection err: unknown error Post "http://10.10.30.250:5985/wsman": dial tcp 10.10.30.250:5985: connect: connection refused
2026/05/25 20:05:34 packer-plugin-proxmox_v1.2.3_x5.0_linux_amd64 plugin: 2026/05/25 20:05:34 [INFO] Attempting WinRM connection...
2026/05/25 20:05:34 packer-plugin-proxmox_v1.2.3_x5.0_linux_amd64 plugin: 2026/05/25 20:05:34 [DEBUG] connecting to remote shell using WinRM
2026/05/25 20:05:34 packer-plugin-proxmox_v1.2.3_x5.0_linux_amd64 plugin: 2026/05/25 20:05:34 [ERROR] connection error: unknown error Post "http://10.10.30.250:5985/wsman": dial tcp 10.10.30.250:5985: connect: connection refused
2026/05/25 20:05:34 packer-plugin-proxmox_v1.2.3_x5.0_linux_amd64 plugin: 2026/05/25 20:05:34 [ERROR] WinRM connection err: unknown error Post "http://10.10.30.250:5985/wsman": dial tcp 10.10.30.250:5985: connect: connection refused
2026/05/25 20:05:39 packer-plugin-proxmox_v1.2.3_x5.0_linux_amd64 plugin: 2026/05/25 20:05:39 [INFO] Attempting WinRM connection...
2026/05/25 20:05:39 packer-plugin-proxmox_v1.2.3_x5.0_linux_amd64 plugin: 2026/05/25 20:05:39 [DEBUG] connecting to remote shell using WinRM
2026/05/25 20:05:40 packer-plugin-proxmox_v1.2.3_x5.0_linux_amd64 plugin: 2026/05/25 20:05:40 [ERROR] connection error: unknown error Post "http://10.10.30.250:5985/wsman": dial tcp 10.10.30.250:5985: connect: connection refused
2026/05/25 20:05:40 packer-plugin-proxmox_v1.2.3_x5.0_linux_amd64 plugin: 2026/05/25 20:05:40 [ERROR] WinRM connection err: unknown error Post "http://10.10.30.250:5985/wsman": dial tcp 10.10.30.250:5985: connect: connection refused
2026/05/25 20:05:45 packer-plugin-proxmox_v1.2.3_x5.0_linux_amd64 plugin: 2026/05/25 20:05:45 [INFO] Attempting WinRM connection...
2026/05/25 20:05:45 packer-plugin-proxmox_v1.2.3_x5.0_linux_amd64 plugin: 2026/05/25 20:05:45 [DEBUG] connecting to remote shell using WinRM
2026/05/25 20:05:45 packer-plugin-proxmox_v1.2.3_x5.0_linux_amd64 plugin: 2026/05/25 20:05:45 [ERROR] connection error: unknown error Post "http://10.10.30.250:5985/wsman": dial tcp 10.10.30.250:5985: connect: connection refused
2026/05/25 20:05:45 packer-plugin-proxmox_v1.2.3_x5.0_linux_amd64 plugin: 2026/05/25 20:05:45 [ERROR] WinRM connection err: unknown error Post "http://10.10.30.250:5985/wsman": dial tcp 10.10.30.250:5985: connect: connection refused
2026/05/25 20:05:50 packer-plugin-proxmox_v1.2.3_x5.0_linux_amd64 plugin: 2026/05/25 20:05:50 [INFO] Attempting WinRM connection...
2026/05/25 20:05:50 packer-plugin-proxmox_v1.2.3_x5.0_linux_amd64 plugin: 2026/05/25 20:05:50 [DEBUG] connecting to remote shell using WinRM
2026/05/25 20:05:50 packer-plugin-proxmox_v1.2.3_x5.0_linux_amd64 plugin: 2026/05/25 20:05:50 [ERROR] connection error: unknown error Post "http://10.10.30.250:5985/wsman": dial tcp 10.10.30.250:5985: connect: connection refused
2026/05/25 20:05:50 packer-plugin-proxmox_v1.2.3_x5.0_linux_amd64 plugin: 2026/05/25 20:05:50 [ERROR] WinRM connection err: unknown error Post "http://10.10.30.250:5985/wsman": dial tcp 10.10.30.250:5985: connect: connection refused
2026/05/25 20:05:55 packer-plugin-proxmox_v1.2.3_x5.0_linux_amd64 plugin: 2026/05/25 20:05:55 [INFO] Attempting WinRM connection...
2026/05/25 20:05:55 packer-plugin-proxmox_v1.2.3_x5.0_linux_amd64 plugin: 2026/05/25 20:05:55 [DEBUG] connecting to remote shell using WinRM
2026/05/25 20:05:55 packer-plugin-proxmox_v1.2.3_x5.0_linux_amd64 plugin: 2026/05/25 20:05:55 [ERROR] connection error: unknown error Post "http://10.10.30.250:5985/wsman": dial tcp 10.10.30.250:5985: connect: connection refused
2026/05/25 20:05:55 packer-plugin-proxmox_v1.2.3_x5.0_linux_amd64 plugin: 2026/05/25 20:05:55 [ERROR] WinRM connection err: unknown error Post "http://10.10.30.250:5985/wsman": dial tcp 10.10.30.250:5985: connect: connection refused
2026/05/25 20:06:00 packer-plugin-proxmox_v1.2.3_x5.0_linux_amd64 plugin: 2026/05/25 20:06:00 [INFO] Attempting WinRM connection...
2026/05/25 20:06:00 packer-plugin-proxmox_v1.2.3_x5.0_linux_amd64 plugin: 2026/05/25 20:06:00 [DEBUG] connecting to remote shell using WinRM
2026/05/25 20:06:00 packer-plugin-proxmox_v1.2.3_x5.0_linux_amd64 plugin: 2026/05/25 20:06:00 [ERROR] connection error: unknown error Post "http://10.10.30.250:5985/wsman": dial tcp 10.10.30.250:5985: connect: connection refused
2026/05/25 20:06:00 packer-plugin-proxmox_v1.2.3_x5.0_linux_amd64 plugin: 2026/05/25 20:06:00 [ERROR] WinRM connection err: unknown error Post "http://10.10.30.250:5985/wsman": dial tcp 10.10.30.250:5985: connect: connection refused
2026/05/25 20:06:05 packer-plugin-proxmox_v1.2.3_x5.0_linux_amd64 plugin: 2026/05/25 20:06:05 [INFO] Attempting WinRM connection...
2026/05/25 20:06:05 packer-plugin-proxmox_v1.2.3_x5.0_linux_amd64 plugin: 2026/05/25 20:06:05 [DEBUG] connecting to remote shell using WinRM
2026/05/25 20:06:05 packer-plugin-proxmox_v1.2.3_x5.0_linux_amd64 plugin: 2026/05/25 20:06:05 [ERROR] connection error: unknown error Post "http://10.10.30.250:5985/wsman": dial tcp 10.10.30.250:5985: connect: connection refused
2026/05/25 20:06:05 packer-plugin-proxmox_v1.2.3_x5.0_linux_amd64 plugin: 2026/05/25 20:06:05 [ERROR] WinRM connection err: unknown error Post "http://10.10.30.250:5985/wsman": dial tcp 10.10.30.250:5985: connect: connection refused
2026/05/25 20:06:10 packer-plugin-proxmox_v1.2.3_x5.0_linux_amd64 plugin: 2026/05/25 20:06:10 [INFO] Attempting WinRM connection...
2026/05/25 20:06:10 packer-plugin-proxmox_v1.2.3_x5.0_linux_amd64 plugin: 2026/05/25 20:06:10 [DEBUG] connecting to remote shell using WinRM
2026/05/25 20:06:11 packer-plugin-proxmox_v1.2.3_x5.0_linux_amd64 plugin: 2026/05/25 20:06:11 [ERROR] connection error: unknown error Post "http://10.10.30.250:5985/wsman": dial tcp 10.10.30.250:5985: connect: connection refused
2026/05/25 20:06:11 packer-plugin-proxmox_v1.2.3_x5.0_linux_amd64 plugin: 2026/05/25 20:06:11 [ERROR] WinRM connection err: unknown error Post "http://10.10.30.250:5985/wsman": dial tcp 10.10.30.250:5985: connect: connection refused
2026/05/25 20:06:16 packer-plugin-proxmox_v1.2.3_x5.0_linux_amd64 plugin: 2026/05/25 20:06:16 [INFO] Attempting WinRM connection...
2026/05/25 20:06:16 packer-plugin-proxmox_v1.2.3_x5.0_linux_amd64 plugin: 2026/05/25 20:06:16 [DEBUG] connecting to remote shell using WinRM
2026/05/25 20:06:16 packer-plugin-proxmox_v1.2.3_x5.0_linux_amd64 plugin: 2026/05/25 20:06:16 [ERROR] connection error: unknown error Post "http://10.10.30.250:5985/wsman": dial tcp 10.10.30.250:5985: connect: connection refused
2026/05/25 20:06:16 packer-plugin-proxmox_v1.2.3_x5.0_linux_amd64 plugin: 2026/05/25 20:06:16 [ERROR] WinRM connection err: unknown error Post "http://10.10.30.250:5985/wsman": dial tcp 10.10.30.250:5985: connect: connection refused
2026/05/25 20:06:21 packer-plugin-proxmox_v1.2.3_x5.0_linux_amd64 plugin: 2026/05/25 20:06:21 [INFO] Attempting WinRM connection...
2026/05/25 20:06:21 packer-plugin-proxmox_v1.2.3_x5.0_linux_amd64 plugin: 2026/05/25 20:06:21 [DEBUG] connecting to remote shell using WinRM
2026/05/25 20:06:21 packer-plugin-proxmox_v1.2.3_x5.0_linux_amd64 plugin: 2026/05/25 20:06:21 [ERROR] connection error: unknown error Post "http://10.10.30.250:5985/wsman": dial tcp 10.10.30.250:5985: connect: connection refused
2026/05/25 20:06:21 packer-plugin-proxmox_v1.2.3_x5.0_linux_amd64 plugin: 2026/05/25 20:06:21 [ERROR] WinRM connection err: unknown error Post "http://10.10.30.250:5985/wsman": dial tcp 10.10.30.250:5985: connect: connection refused
2026/05/25 20:06:26 packer-plugin-proxmox_v1.2.3_x5.0_linux_amd64 plugin: 2026/05/25 20:06:26 [INFO] Attempting WinRM connection...
2026/05/25 20:06:26 packer-plugin-proxmox_v1.2.3_x5.0_linux_amd64 plugin: 2026/05/25 20:06:26 [DEBUG] connecting to remote shell using WinRM
2026/05/25 20:06:26 packer-plugin-proxmox_v1.2.3_x5.0_linux_amd64 plugin: 2026/05/25 20:06:26 [ERROR] connection error: unknown error Post "http://10.10.30.250:5985/wsman": dial tcp 10.10.30.250:5985: connect: connection refused
2026/05/25 20:06:26 packer-plugin-proxmox_v1.2.3_x5.0_linux_amd64 plugin: 2026/05/25 20:06:26 [ERROR] WinRM connection err: unknown error Post "http://10.10.30.250:5985/wsman": dial tcp 10.10.30.250:5985: connect: connection refused
2026/05/25 20:06:31 packer-plugin-proxmox_v1.2.3_x5.0_linux_amd64 plugin: 2026/05/25 20:06:31 [INFO] Attempting WinRM connection...
2026/05/25 20:06:31 packer-plugin-proxmox_v1.2.3_x5.0_linux_amd64 plugin: 2026/05/25 20:06:31 [DEBUG] connecting to remote shell using WinRM
2026/05/25 20:06:31 packer-plugin-proxmox_v1.2.3_x5.0_linux_amd64 plugin: 2026/05/25 20:06:31 [ERROR] connection error: unknown error Post "http://10.10.30.250:5985/wsman": dial tcp 10.10.30.250:5985: connect: connection refused
2026/05/25 20:06:31 packer-plugin-proxmox_v1.2.3_x5.0_linux_amd64 plugin: 2026/05/25 20:06:31 [ERROR] WinRM connection err: unknown error Post "http://10.10.30.250:5985/wsman": dial tcp 10.10.30.250:5985: connect: connection refused
2026/05/25 20:06:36 packer-plugin-proxmox_v1.2.3_x5.0_linux_amd64 plugin: 2026/05/25 20:06:36 [INFO] Attempting WinRM connection...
2026/05/25 20:06:36 packer-plugin-proxmox_v1.2.3_x5.0_linux_amd64 plugin: 2026/05/25 20:06:36 [DEBUG] connecting to remote shell using WinRM
2026/05/25 20:06:37 packer-plugin-proxmox_v1.2.3_x5.0_linux_amd64 plugin: 2026/05/25 20:06:37 [ERROR] connection error: unknown error Post "http://10.10.30.250:5985/wsman": dial tcp 10.10.30.250:5985: connect: connection refused
2026/05/25 20:06:37 packer-plugin-proxmox_v1.2.3_x5.0_linux_amd64 plugin: 2026/05/25 20:06:37 [ERROR] WinRM connection err: unknown error Post "http://10.10.30.250:5985/wsman": dial tcp 10.10.30.250:5985: connect: connection refused
2026/05/25 20:06:42 packer-plugin-proxmox_v1.2.3_x5.0_linux_amd64 plugin: 2026/05/25 20:06:42 [INFO] Attempting WinRM connection...
2026/05/25 20:06:42 packer-plugin-proxmox_v1.2.3_x5.0_linux_amd64 plugin: 2026/05/25 20:06:42 [DEBUG] connecting to remote shell using WinRM
2026/05/25 20:06:42 packer-plugin-proxmox_v1.2.3_x5.0_linux_amd64 plugin: 2026/05/25 20:06:42 [ERROR] connection error: unknown error Post "http://10.10.30.250:5985/wsman": dial tcp 10.10.30.250:5985: connect: connection refused
2026/05/25 20:06:42 packer-plugin-proxmox_v1.2.3_x5.0_linux_amd64 plugin: 2026/05/25 20:06:42 [ERROR] WinRM connection err: unknown error Post "http://10.10.30.250:5985/wsman": dial tcp 10.10.30.250:5985: connect: connection refused
2026/05/25 20:06:47 packer-plugin-proxmox_v1.2.3_x5.0_linux_amd64 plugin: 2026/05/25 20:06:47 [INFO] Attempting WinRM connection...
2026/05/25 20:06:47 packer-plugin-proxmox_v1.2.3_x5.0_linux_amd64 plugin: 2026/05/25 20:06:47 [DEBUG] connecting to remote shell using WinRM
2026/05/25 20:06:47 packer-plugin-proxmox_v1.2.3_x5.0_linux_amd64 plugin: 2026/05/25 20:06:47 [ERROR] connection error: unknown error Post "http://10.10.30.250:5985/wsman": dial tcp 10.10.30.250:5985: connect: connection refused
2026/05/25 20:06:47 packer-plugin-proxmox_v1.2.3_x5.0_linux_amd64 plugin: 2026/05/25 20:06:47 [ERROR] WinRM connection err: unknown error Post "http://10.10.30.250:5985/wsman": dial tcp 10.10.30.250:5985: connect: connection refused
2026/05/25 20:06:52 packer-plugin-proxmox_v1.2.3_x5.0_linux_amd64 plugin: 2026/05/25 20:06:52 [INFO] Attempting WinRM connection...
2026/05/25 20:06:52 packer-plugin-proxmox_v1.2.3_x5.0_linux_amd64 plugin: 2026/05/25 20:06:52 [DEBUG] connecting to remote shell using WinRM
2026/05/25 20:06:52 packer-plugin-proxmox_v1.2.3_x5.0_linux_amd64 plugin: 2026/05/25 20:06:52 [ERROR] connection error: unknown error Post "http://10.10.30.250:5985/wsman": dial tcp 10.10.30.250:5985: connect: connection refused
2026/05/25 20:06:52 packer-plugin-proxmox_v1.2.3_x5.0_linux_amd64 plugin: 2026/05/25 20:06:52 [ERROR] WinRM connection err: unknown error Post "http://10.10.30.250:5985/wsman": dial tcp 10.10.30.250:5985: connect: connection refused
2026/05/25 20:06:57 packer-plugin-proxmox_v1.2.3_x5.0_linux_amd64 plugin: 2026/05/25 20:06:57 [INFO] Attempting WinRM connection...
2026/05/25 20:06:57 packer-plugin-proxmox_v1.2.3_x5.0_linux_amd64 plugin: 2026/05/25 20:06:57 [DEBUG] connecting to remote shell using WinRM
2026/05/25 20:06:57 packer-plugin-proxmox_v1.2.3_x5.0_linux_amd64 plugin: 2026/05/25 20:06:57 [ERROR] connection error: unknown error Post "http://10.10.30.250:5985/wsman": dial tcp 10.10.30.250:5985: connect: connection refused
2026/05/25 20:06:57 packer-plugin-proxmox_v1.2.3_x5.0_linux_amd64 plugin: 2026/05/25 20:06:57 [ERROR] WinRM connection err: unknown error Post "http://10.10.30.250:5985/wsman": dial tcp 10.10.30.250:5985: connect: connection refused
2026/05/25 20:07:02 packer-plugin-proxmox_v1.2.3_x5.0_linux_amd64 plugin: 2026/05/25 20:07:02 [INFO] Attempting WinRM connection...
2026/05/25 20:07:02 packer-plugin-proxmox_v1.2.3_x5.0_linux_amd64 plugin: 2026/05/25 20:07:02 [DEBUG] connecting to remote shell using WinRM
2026/05/25 20:07:02 packer-plugin-proxmox_v1.2.3_x5.0_linux_amd64 plugin: 2026/05/25 20:07:02 [ERROR] connection error: unknown error Post "http://10.10.30.250:5985/wsman": dial tcp 10.10.30.250:5985: connect: connection refused
2026/05/25 20:07:02 packer-plugin-proxmox_v1.2.3_x5.0_linux_amd64 plugin: 2026/05/25 20:07:02 [ERROR] WinRM connection err: unknown error Post "http://10.10.30.250:5985/wsman": dial tcp 10.10.30.250:5985: connect: connection refused
2026/05/25 20:07:07 packer-plugin-proxmox_v1.2.3_x5.0_linux_amd64 plugin: 2026/05/25 20:07:07 [INFO] Attempting WinRM connection...
2026/05/25 20:07:07 packer-plugin-proxmox_v1.2.3_x5.0_linux_amd64 plugin: 2026/05/25 20:07:07 [DEBUG] connecting to remote shell using WinRM
2026/05/25 20:07:08 packer-plugin-proxmox_v1.2.3_x5.0_linux_amd64 plugin: 2026/05/25 20:07:08 [ERROR] connection error: unknown error Post "http://10.10.30.250:5985/wsman": dial tcp 10.10.30.250:5985: connect: connection refused
2026/05/25 20:07:08 packer-plugin-proxmox_v1.2.3_x5.0_linux_amd64 plugin: 2026/05/25 20:07:08 [ERROR] WinRM connection err: unknown error Post "http://10.10.30.250:5985/wsman": dial tcp 10.10.30.250:5985: connect: connection refused
2026/05/25 20:07:13 packer-plugin-proxmox_v1.2.3_x5.0_linux_amd64 plugin: 2026/05/25 20:07:13 [INFO] Attempting WinRM connection...
2026/05/25 20:07:13 packer-plugin-proxmox_v1.2.3_x5.0_linux_amd64 plugin: 2026/05/25 20:07:13 [DEBUG] connecting to remote shell using WinRM
2026/05/25 20:07:13 packer-plugin-proxmox_v1.2.3_x5.0_linux_amd64 plugin: 2026/05/25 20:07:13 [ERROR] connection error: unknown error Post "http://10.10.30.250:5985/wsman": dial tcp 10.10.30.250:5985: connect: connection refused
2026/05/25 20:07:13 packer-plugin-proxmox_v1.2.3_x5.0_linux_amd64 plugin: 2026/05/25 20:07:13 [ERROR] WinRM connection err: unknown error Post "http://10.10.30.250:5985/wsman": dial tcp 10.10.30.250:5985: connect: connection refused
2026/05/25 20:07:18 packer-plugin-proxmox_v1.2.3_x5.0_linux_amd64 plugin: 2026/05/25 20:07:18 [INFO] Attempting WinRM connection...
2026/05/25 20:07:18 packer-plugin-proxmox_v1.2.3_x5.0_linux_amd64 plugin: 2026/05/25 20:07:18 [DEBUG] connecting to remote shell using WinRM
2026/05/25 20:07:18 packer-plugin-proxmox_v1.2.3_x5.0_linux_amd64 plugin: 2026/05/25 20:07:18 [ERROR] connection error: unknown error Post "http://10.10.30.250:5985/wsman": dial tcp 10.10.30.250:5985: connect: connection refused
2026/05/25 20:07:18 packer-plugin-proxmox_v1.2.3_x5.0_linux_amd64 plugin: 2026/05/25 20:07:18 [ERROR] WinRM connection err: unknown error Post "http://10.10.30.250:5985/wsman": dial tcp 10.10.30.250:5985: connect: connection refused
2026/05/25 20:07:23 packer-plugin-proxmox_v1.2.3_x5.0_linux_amd64 plugin: 2026/05/25 20:07:23 [INFO] Attempting WinRM connection...
2026/05/25 20:07:23 packer-plugin-proxmox_v1.2.3_x5.0_linux_amd64 plugin: 2026/05/25 20:07:23 [DEBUG] connecting to remote shell using WinRM
2026/05/25 20:07:23 packer-plugin-proxmox_v1.2.3_x5.0_linux_amd64 plugin: 2026/05/25 20:07:23 [ERROR] connection error: unknown error Post "http://10.10.30.250:5985/wsman": dial tcp 10.10.30.250:5985: connect: connection refused
2026/05/25 20:07:23 packer-plugin-proxmox_v1.2.3_x5.0_linux_amd64 plugin: 2026/05/25 20:07:23 [ERROR] WinRM connection err: unknown error Post "http://10.10.30.250:5985/wsman": dial tcp 10.10.30.250:5985: connect: connection refused
2026/05/25 20:07:28 packer-plugin-proxmox_v1.2.3_x5.0_linux_amd64 plugin: 2026/05/25 20:07:28 [INFO] Attempting WinRM connection...
2026/05/25 20:07:28 packer-plugin-proxmox_v1.2.3_x5.0_linux_amd64 plugin: 2026/05/25 20:07:28 [DEBUG] connecting to remote shell using WinRM
2026/05/25 20:07:28 packer-plugin-proxmox_v1.2.3_x5.0_linux_amd64 plugin: 2026/05/25 20:07:28 [ERROR] connection error: unknown error Post "http://10.10.30.250:5985/wsman": dial tcp 10.10.30.250:5985: connect: connection refused
2026/05/25 20:07:28 packer-plugin-proxmox_v1.2.3_x5.0_linux_amd64 plugin: 2026/05/25 20:07:28 [ERROR] WinRM connection err: unknown error Post "http://10.10.30.250:5985/wsman": dial tcp 10.10.30.250:5985: connect: connection refused
2026/05/25 20:07:33 packer-plugin-proxmox_v1.2.3_x5.0_linux_amd64 plugin: 2026/05/25 20:07:33 [INFO] Attempting WinRM connection...
2026/05/25 20:07:33 packer-plugin-proxmox_v1.2.3_x5.0_linux_amd64 plugin: 2026/05/25 20:07:33 [DEBUG] connecting to remote shell using WinRM
2026/05/25 20:07:33 packer-plugin-proxmox_v1.2.3_x5.0_linux_amd64 plugin: 2026/05/25 20:07:33 [ERROR] connection error: unknown error Post "http://10.10.30.250:5985/wsman": dial tcp 10.10.30.250:5985: connect: connection refused
2026/05/25 20:07:33 packer-plugin-proxmox_v1.2.3_x5.0_linux_amd64 plugin: 2026/05/25 20:07:33 [ERROR] WinRM connection err: unknown error Post "http://10.10.30.250:5985/wsman": dial tcp 10.10.30.250:5985: connect: connection refused
2026/05/25 20:07:38 packer-plugin-proxmox_v1.2.3_x5.0_linux_amd64 plugin: 2026/05/25 20:07:38 [INFO] Attempting WinRM connection...
2026/05/25 20:07:38 packer-plugin-proxmox_v1.2.3_x5.0_linux_amd64 plugin: 2026/05/25 20:07:38 [DEBUG] connecting to remote shell using WinRM
2026/05/25 20:07:39 packer-plugin-proxmox_v1.2.3_x5.0_linux_amd64 plugin: 2026/05/25 20:07:39 [ERROR] connection error: unknown error Post "http://10.10.30.250:5985/wsman": dial tcp 10.10.30.250:5985: connect: connection refused
2026/05/25 20:07:39 packer-plugin-proxmox_v1.2.3_x5.0_linux_amd64 plugin: 2026/05/25 20:07:39 [ERROR] WinRM connection err: unknown error Post "http://10.10.30.250:5985/wsman": dial tcp 10.10.30.250:5985: connect: connection refused
2026/05/25 20:07:44 packer-plugin-proxmox_v1.2.3_x5.0_linux_amd64 plugin: 2026/05/25 20:07:44 [INFO] Attempting WinRM connection...
2026/05/25 20:07:44 packer-plugin-proxmox_v1.2.3_x5.0_linux_amd64 plugin: 2026/05/25 20:07:44 [DEBUG] connecting to remote shell using WinRM
2026/05/25 20:07:44 packer-plugin-proxmox_v1.2.3_x5.0_linux_amd64 plugin: 2026/05/25 20:07:44 [ERROR] connection error: unknown error Post "http://10.10.30.250:5985/wsman": dial tcp 10.10.30.250:5985: connect: connection refused
2026/05/25 20:07:44 packer-plugin-proxmox_v1.2.3_x5.0_linux_amd64 plugin: 2026/05/25 20:07:44 [ERROR] WinRM connection err: unknown error Post "http://10.10.30.250:5985/wsman": dial tcp 10.10.30.250:5985: connect: connection refused
2026/05/25 20:07:49 packer-plugin-proxmox_v1.2.3_x5.0_linux_amd64 plugin: 2026/05/25 20:07:49 [INFO] Attempting WinRM connection...
2026/05/25 20:07:49 packer-plugin-proxmox_v1.2.3_x5.0_linux_amd64 plugin: 2026/05/25 20:07:49 [DEBUG] connecting to remote shell using WinRM
2026/05/25 20:07:49 packer-plugin-proxmox_v1.2.3_x5.0_linux_amd64 plugin: 2026/05/25 20:07:49 [ERROR] connection error: unknown error Post "http://10.10.30.250:5985/wsman": dial tcp 10.10.30.250:5985: connect: connection refused
2026/05/25 20:07:49 packer-plugin-proxmox_v1.2.3_x5.0_linux_amd64 plugin: 2026/05/25 20:07:49 [ERROR] WinRM connection err: unknown error Post "http://10.10.30.250:5985/wsman": dial tcp 10.10.30.250:5985: connect: connection refused
2026/05/25 20:07:54 packer-plugin-proxmox_v1.2.3_x5.0_linux_amd64 plugin: 2026/05/25 20:07:54 [INFO] Attempting WinRM connection...
2026/05/25 20:07:54 packer-plugin-proxmox_v1.2.3_x5.0_linux_amd64 plugin: 2026/05/25 20:07:54 [DEBUG] connecting to remote shell using WinRM
2026/05/25 20:07:54 packer-plugin-proxmox_v1.2.3_x5.0_linux_amd64 plugin: 2026/05/25 20:07:54 [ERROR] connection error: unknown error Post "http://10.10.30.250:5985/wsman": dial tcp 10.10.30.250:5985: connect: connection refused
2026/05/25 20:07:54 packer-plugin-proxmox_v1.2.3_x5.0_linux_amd64 plugin: 2026/05/25 20:07:54 [ERROR] WinRM connection err: unknown error Post "http://10.10.30.250:5985/wsman": dial tcp 10.10.30.250:5985: connect: connection refused
2026/05/25 20:07:59 packer-plugin-proxmox_v1.2.3_x5.0_linux_amd64 plugin: 2026/05/25 20:07:59 [INFO] Attempting WinRM connection...
2026/05/25 20:07:59 packer-plugin-proxmox_v1.2.3_x5.0_linux_amd64 plugin: 2026/05/25 20:07:59 [DEBUG] connecting to remote shell using WinRM
2026/05/25 20:07:59 packer-plugin-proxmox_v1.2.3_x5.0_linux_amd64 plugin: 2026/05/25 20:07:59 [ERROR] connection error: unknown error Post "http://10.10.30.250:5985/wsman": dial tcp 10.10.30.250:5985: connect: connection refused
2026/05/25 20:07:59 packer-plugin-proxmox_v1.2.3_x5.0_linux_amd64 plugin: 2026/05/25 20:07:59 [ERROR] WinRM connection err: unknown error Post "http://10.10.30.250:5985/wsman": dial tcp 10.10.30.250:5985: connect: connection refused
2026/05/25 20:08:04 packer-plugin-proxmox_v1.2.3_x5.0_linux_amd64 plugin: 2026/05/25 20:08:04 [INFO] Attempting WinRM connection...
2026/05/25 20:08:04 packer-plugin-proxmox_v1.2.3_x5.0_linux_amd64 plugin: 2026/05/25 20:08:04 [DEBUG] connecting to remote shell using WinRM
2026/05/25 20:08:04 packer-plugin-proxmox_v1.2.3_x5.0_linux_amd64 plugin: 2026/05/25 20:08:04 [ERROR] connection error: unknown error Post "http://10.10.30.250:5985/wsman": dial tcp 10.10.30.250:5985: connect: connection refused
2026/05/25 20:08:04 packer-plugin-proxmox_v1.2.3_x5.0_linux_amd64 plugin: 2026/05/25 20:08:04 [ERROR] WinRM connection err: unknown error Post "http://10.10.30.250:5985/wsman": dial tcp 10.10.30.250:5985: connect: connection refused
2026/05/25 20:08:09 ui error: Cancelling build after receiving interrupt
2026/05/25 20:08:09 Cancelling builder after context cancellation context canceled
2026/05/25 20:08:09 packer-provisioner-windows-restart plugin: Received interrupt signal (count: 1). Ignoring.
2026/05/25 20:08:09 packer-provisioner-file plugin: Received interrupt signal (count: 1). Ignoring.
2026/05/25 20:08:09 packer-provisioner-powershell plugin: Received interrupt signal (count: 1). Ignoring.
2026/05/25 20:08:09 packer-provisioner-powershell plugin: Received interrupt signal (count: 1). Ignoring.
2026/05/25 20:08:09 packer-provisioner-file plugin: Received interrupt signal (count: 1). Ignoring.
2026/05/25 20:08:09 packer-provisioner-powershell plugin: Received interrupt signal (count: 1). Ignoring.
2026/05/25 20:08:09 packer-plugin-proxmox_v1.2.3_x5.0_linux_amd64 plugin: 2026/05/25 20:08:09 Received interrupt signal (count: 1). Ignoring.
2026/05/25 20:08:09 packer-provisioner-powershell plugin: Received interrupt signal (count: 1). Ignoring.
2026/05/25 20:08:09 packer-provisioner-powershell plugin: Received interrupt signal (count: 1). Ignoring.
2026/05/25 20:08:09 packer-provisioner-file plugin: Received interrupt signal (count: 1). Ignoring.
2026/05/25 20:08:09 packer-provisioner-file plugin: Received interrupt signal (count: 1). Ignoring.
2026/05/25 20:08:09 packer-plugin-proxmox_v1.2.3_x5.0_linux_amd64 plugin: 2026/05/25 20:08:09 [INFO] WinRM wait cancelled. Exiting loop.
2026/05/25 20:08:09 packer-plugin-proxmox_v1.2.3_x5.0_linux_amd64 plugin: 2026/05/25 20:08:09 Interrupt detected, quitting waiting for WinRM.
2026/05/25 20:08:09 ui: [1;32m==> windows-server-2022.proxmox-iso.windows-server-2022: Stopping VM[0m
2026/05/25 20:08:13 ui: [1;32m==> windows-server-2022.proxmox-iso.windows-server-2022: Deleting VM[0m
2026/05/25 20:08:13 ui: [1;32m==> windows-server-2022.proxmox-iso.windows-server-2022: Deleted generated ISO from local:iso/packer2578488362.iso[0m
2026/05/25 20:08:13 [INFO] (telemetry) ending proxmox-iso.windows-server-2022
2026/05/25 20:08:13 packer-plugin-proxmox_v1.2.3_x5.0_linux_amd64 plugin: 2026/05/25 20:08:13 Deleting CD disk: /tmp/packer2578488362.iso
2026/05/25 20:08:13 ui error: [1;31mBuild 'windows-server-2022.proxmox-iso.windows-server-2022' errored after 10 minutes 22 seconds: build was cancelled[0m
2026/05/25 20:08:13 ui: 
==> Wait completed after 10 minutes 22 seconds
2026/05/25 20:08:13 ui: Cleanly cancelled builds after being interrupted.
2026/05/25 20:08:13 [INFO] (telemetry) Finalizing.
2026/05/25 20:08:14 waiting for all plugin processes to complete...
2026/05/25 20:08:14 /home/cqban/.config/packer/plugins/github.com/hashicorp/proxmox/packer-plugin-proxmox_v1.2.3_x5.0_linux_amd64: plugin process exited
2026/05/25 20:08:14 /usr/bin/packer: plugin process exited
2026/05/25 20:08:14 /usr/bin/packer: plugin process exited
2026/05/25 20:08:14 /usr/bin/packer: plugin process exited
2026/05/25 20:08:14 /usr/bin/packer: plugin process exited
2026/05/25 20:08:14 /usr/bin/packer: plugin process exited
2026/05/25 20:08:14 /usr/bin/packer: plugin process exited
2026/05/25 20:08:14 /usr/bin/packer: plugin process exited
2026/05/25 20:08:14 /usr/bin/packer: plugin process exited
2026/05/25 20:08:14 /usr/bin/packer: plugin process exited
2026/05/25 20:08:14 /usr/bin/packer: plugin process exited
